"1011","Budapest","BUD"
"1012","Budapest","BUD"
"1013","Budapest","BUD"
"1014","Budapest","BUD"
"1015","Budapest","BUD"
"1016","Budapest","BUD"
"1021","Budapest","BUD"
"1022","Budapest","BUD"
"1023","Budapest","BUD"
"1024","Budapest","BUD"
"1025","Budapest","BUD"
"1026","Budapest","BUD"
"1027","Budapest","BUD"
"1028","Budapest","BUD"
"1029","Budapest","BUD"
"1031","Budapest","BUD"
"1032","Budapest","BUD"
"1033","Budapest","BUD"
"1034","Budapest","BUD"
"1035","Budapest","BUD"
"1036","Budapest","BUD"
"1037","Budapest","BUD"
"1038","Budapest","BUD"
"1039","Budapest","BUD"
"1041","Budapest","BUD"
"1042","Budapest","BUD"
"1043","Budapest","BUD"
"1044","Budapest","BUD"
"1045","Budapest","BUD"
"1046","Budapest","BUD"
"1047","Budapest","BUD"
"1048","Budapest","BUD"
"1051","Budapest","BUD"
"1052","Budapest","BUD"
"1053","Budapest","BUD"
"1054","Budapest","BUD"
"1055","Budapest","BUD"
"1056","Budapest","BUD"
"1061","Budapest","BUD"
"1062","Budapest","BUD"
"1063","Budapest","BUD"
"1064","Budapest","BUD"
"1065","Budapest","BUD"
"1066","Budapest","BUD"
"1067","Budapest","BUD"
"1070","Budapest","BUD"
"1071","Budapest","BUD"
"1072","Budapest","BUD"
"1073","Budapest","BUD"
"1074","Budapest","BUD"
"1075","Budapest","BUD"
"1076","Budapest","BUD"
"1077","Budapest","BUD"
"1078","Budapest","BUD"
"1081","Budapest","BUD"
"1082","Budapest","BUD"
"1083","Budapest","BUD"
"1084","Budapest","BUD"
"1085","Budapest","BUD"
"1086","Budapest","BUD"
"1087","Budapest","BUD"
"1088","Budapest","BUD"
"1089","Budapest","BUD"
"1091","Budapest","BUD"
"1092","Budapest","BUD"
"1093","Budapest","BUD"
"1094","Budapest","BUD"
"1095","Budapest","BUD"
"1096","Budapest","BUD"
"1097","Budapest","BUD"
"1098","Budapest","BUD"
"1101","Budapest","BUD"
"1102","Budapest","BUD"
"1103","Budapest","BUD"
"1104","Budapest","BUD"
"1105","Budapest","BUD"
"1106","Budapest","BUD"
"1107","Budapest","BUD"
"1108","Budapest","BUD"
"1111","Budapest","BUD"
"1112","Budapest","BUD"
"1113","Budapest","BUD"
"1114","Budapest","BUD"
"1115","Budapest","BUD"
"1116","Budapest","BUD"
"1117","Budapest","BUD"
"1118","Budapest","BUD"
"1119","Budapest","BUD"
"1121","Budapest","BUD"
"1122","Budapest","BUD"
"1123","Budapest","BUD"
"1124","Budapest","BUD"
"1125","Budapest","BUD"
"1126","Budapest","BUD"
"1131","Budapest","BUD"
"1132","Budapest","BUD"
"1133","Budapest","BUD"
"1134","Budapest","BUD"
"1135","Budapest","BUD"
"1136","Budapest","BUD"
"1137","Budapest","BUD"
"1138","Budapest","BUD"
"1139","Budapest","BUD"
"1141","Budapest","BUD"
"1142","Budapest","BUD"
"1143","Budapest","BUD"
"1144","Budapest","BUD"
"1145","Budapest","BUD"
"1146","Budapest","BUD"
"1147","Budapest","BUD"
"1148","Budapest","BUD"
"1149","Budapest","BUD"
"1151","Budapest","BUD"
"1152","Budapest","BUD"
"1153","Budapest","BUD"
"1154","Budapest","BUD"
"1155","Budapest","BUD"
"1156","Budapest","BUD"
"1157","Budapest","BUD"
"1158","Budapest","BUD"
"1161","Budapest","BUD"
"1162","Budapest","BUD"
"1163","Budapest","BUD"
"1164","Budapest","BUD"
"1165","Budapest","BUD"
"1171","Budapest","BUD"
"1172","Budapest","BUD"
"1173","Budapest","BUD"
"1174","Budapest","BUD"
"1181","Budapest","BUD"
"1182","Budapest","BUD"
"1183","Budapest","BUD"
"1184","Budapest","BUD"
"1185","Budapest","BUD"
"1186","Budapest","BUD"
"1187","Budapest","BUD"
"1188","Budapest","BUD"
"1191","Budapest","BUD"
"1192","Budapest","BUD"
"1193","Budapest","BUD"
"1194","Budapest","BUD"
"1195","Budapest","BUD"
"1196","Budapest","BUD"
"1201","Budapest","BUD"
"1202","Budapest","BUD"
"1203","Budapest","BUD"
"1204","Budapest","BUD"
"1205","Budapest","BUD"
"1211","Budapest","BUD"
"1212","Budapest","BUD"
"1213","Budapest","BUD"
"1214","Budapest","BUD"
"1215","Budapest","BUD"
"1221","Budapest","BUD"
"1222","Budapest","BUD"
"1223","Budapest","BUD"
"1224","Budapest","BUD"
"1225","Budapest","BUD"
"1237","Budapest","BUD"
"1238","Budapest","BUD"
"1239","Budapest","BUD"
"2000","Szentendre","P"
"2009","Pilisszentlászló","P"
"2011","Budakalász","P"
"2013","Pomáz","P"
"2014","Csobánka","P"
"2015","Szigetmonostor","P"
"2016","Leányfalu","P"
"2017","Pócsmegyer","P"
"2021","Tahitótfalu-Tótfalu","P"
"2022","Tahitótfalu-Tahi","P"
"2023","Dunabogdány","P"
"2024","Kisoroszi","P"
"2025","Visegrád","P"
"2026","Visegrád-Gizellatelep","P"
"2027","Dömös","KE"
"2028","Pilismarót","KE"
"2030","Érd","P"
"2035","Érd-Érdparkváros","P"
"2036","Érd-Érdliget","P"
"2038","Sóskút","P"
"2039","Pusztazámor","P"
"2040","Budaörs","P"
"2042","Budaörs-Kamaraerdő","P"
"2045","Törökbálint","P"
"2049","Diósd","P"
"2051","Biatorbágy","P"
"2053","Herceghalom","P"
"2060","Bicske","FEJ"
"2060","Bicske-Óbarok","FEJ"
"2063","Óbarok","FEJ"
"2064","Csabdi","FEJ"
"2065","Mány","FEJ"
"2066","Szár","FEJ"
"2066","Újbarok","FEJ"
"2067","Szárliget","FEJ"
"2071","Páty","P"
"2072","Zsámbék","P"
"2073","Tök","P"
"2074","Perbál","P"
"2080","Pilisjászfalu","P"
"2081","Piliscsaba","P"
"2083","Solymár","P"
"2084","Pilisszentiván","P"
"2085","Pilisvörösvár","P"
"2086","Tinnye","P"
"2087","Piliscsaba-Klotildliget","P"
"2089","Telki","P"
"2090","Remeteszőlős","P"
"2091","Etyek","FEJ"
"2092","Budakeszi","P"
"2093","Budajenő","P"
"2094","Nagykovácsi","P"
"2095","Pilisszántó","P"
"2096","Üröm","P"
"2097","Pilisborosjenő","P"
"2098","Pilisszentkereszt","P"
"2099","Pilisszentkereszt-Dobogókő","P"
"2100","Gödöllő","P"
"2102","Gödöllő-Máriabesnyő","P"
"2111","Szada","P"
"2112","Veresegyház","P"
"2113","Erdőkertes","P"
"2114","Valkó","P"
"2115","Vácszentlászló","P"
"2116","Zsámbok","P"
"2117","Isaszeg","P"
"2118","Dány","P"
"2119","Pécel","P"
"2120","Dunakeszi","P"
"2131","Göd","P"
"2131","Göd-Alsógöd","P"
"2132","Göd-Felsőgöd","P"
"2133","Sződliget","P"
"2134","Sződ","P"
"2135","Csörög","P"
"2141","Csömör","P"
"2142","Nagytarcsa","P"
"2143","Kistarcsa","P"
"2144","Kerepes","P"
"2145","Kerepes-Szilasliget","P"
"2146","Mogyoród","P"
"2151","Fót","P"
"2161","Csomád","P"
"2162","Őrbottyán","P"
"2163","Vácrátót","P"
"2164","Váchartyán","P"
"2165","Kisnémedi","P"
"2166","Püspökszilágy","P"
"2167","Vácduka","P"
"2170","Aszód","P"
"2173","Kartal","P"
"2174","Verseg","P"
"2175","Kálló","NO"
"2176","Erdőkürt","NO"
"2177","Erdőtarcsa","NO"
"2181","Iklad","P"
"2182","Domony","P"
"2183","Galgamácsa","P"
"2184","Vácegres","P"
"2185","Váckisújfalu","P"
"2191","Bag","P"
"2192","Hévízgyörk","P"
"2193","Galgahévíz","P"
"2194","Tura","P"
"2200","Monor","P"
"2200","Monor-Monori","P"
"2209","Péteri","P"
"2211","Vasad","P"
"2212","Csévharaszt","P"
"2213","Monorierdő","P"
"2214","Pánd","P"
"2215","Káva","P"
"2216","Bénye","P"
"2217","Gomba","P"
"2220","Vecsés","P"
"2225","Üllő","P"
"2230","Gyömrő","P"
"2233","Ecser","P"
"2234","Maglód","P"
"2235","Mende","P"
"2241","Sülysáp-Tápiósüly","P"
"2242","Sülysáp-Tápiósáp","P"
"2243","Kóka","P"
"2244","Úri","P"
"2251","Tápiószecső","P"
"2252","Tóalmás","P"
"2253","Tápióság","P"
"2254","Szentmártonkáta","P"
"2255","Szentlőrinckáta","P"
"2300","Ráckeve","P"
"2309","Lórév","P"
"2310","Szigetszentmiklós","P"
"2314","Halásztelek","P"
"2315","Szigethalom","P"
"2316","Tököl","P"
"2317","Szigetcsép","P"
"2318","Szigetszentmárton","P"
"2319","Szigetújfalu","P"
"2321","Szigetbecse","P"
"2322","Makád","P"
"2330","Dunaharaszti","P"
"2335","Taksony","P"
"2336","Dunavarsány","P"
"2337","Délegyháza","P"
"2338","Áporka","P"
"2339","Majosháza","P"
"2340","Kiskunlacháza","P"
"2344","Dömsöd","P"
"2345","Apaj","P"
"2347","Bugyi","P"
"2351","Alsónémedi","P"
"2360","Gyál","P"
"2363","Felsőpakony","P"
"2364","Ócsa","P"
"2365","Inárcs","P"
"2366","Kakucs","P"
"2367","Újhartyán","P"
"2370","Dabas","P"
"2371","Dabas-Sári","P"
"2373","Dabas-Gyón","P"
"2375","Tatárszentgyörgy","P"
"2376","Hernád","P"
"2377","Örkény","P"
"2378","Pusztavacs","P"
"2381","Táborfalva","P"
"2400","Dunaújváros","FEJ"
"2407","Dunaújváros-Pálhalma","P"
"2421","Nagyvenyim","FEJ"
"2422","Mezőfalva","FEJ"
"2423","Daruszentmiklós","FEJ"
"2424","Előszállás","FEJ"
"2425","Nagykarácsony","FEJ"
"2426","Baracs","FEJ"
"2427","Baracs-Apátszállás","P"
"2428","Kisapostag","FEJ"
"2431","Perkáta","FEJ"
"2432","Szabadegyháza","FEJ"
"2433","Sárosd","FEJ"
"2434","Hantos","FEJ"
"2435","Nagylók","FEJ"
"2440","Százhalombatta","P"
"2451","Ercsi","FEJ"
"2453","Ercsi-Sinatelep","P"
"2454","Iváncsa","FEJ"
"2455","Beloiannisz","FEJ"
"2456","Besnyő","FEJ"
"2457","Adony","FEJ"
"2458","Kulcs","FEJ"
"2459","Rácalmás","FEJ"
"2461","Tárnok","P"
"2462","Martonvásár","FEJ"
"2463","Tordas","FEJ"
"2464","Gyúró","FEJ"
"2465","Ráckeresztúr","FEJ"
"2471","Baracska","FEJ"
"2472","Kajászó","FEJ"
"2473","Vál","FEJ"
"2475","Kápolnásnyék","FEJ"
"2476","Pázmánd","FEJ"
"2477","Vereb","FEJ"
"2481","Velence","FEJ"
"2483","Gárdony","FEJ"
"2484","Gárdony-Agárd","P"
"2485","Gárdony-Dinnyés","P"
"2490","Pusztaszabolcs","FEJ"
"2500","Esztergom","KE"
"2508","Esztergom-Pilisszentlélek","P"
"2509","Esztergom-Kertváros","P"
"2510","Dorog","KE"
"2517","Kesztölc","KE"
"2518","Leányvár","KE"
"2519","Piliscsév","KE"
"2521","Csolnok","KE"
"2522","Dág","KE"
"2523","Sárisáp","KE"
"2524","Nagysáp","KE"
"2525","Bajna","KE"
"2526","Epöl","KE"
"2527","Máriahalom","KE"
"2528","Úny","KE"
"2529","Annavölgy","KE"
"2531","Tokod","KE"
"2532","Tokodaltáró","KE"
"2533","Bajót","KE"
"2534","Tát","KE"
"2535","Mogyorósbánya","KE"
"2536","Nyergesújfalu","KE"
"2537","Nyergesújfalu-Viscosa","P"
"2541","Lábatlan","KE"
"2543","Süttő","KE"
"2544","Neszmély","KE"
"2545","Dunaalmás","KE"
"2600","Vác","P"
"2610","Nőtincs","NO"
"2610","Ősagárd","NO"
"2611","Felsőpetény","NO"
"2612","Kosd","P"
"2613","Rád","P"
"2614","Penc","P"
"2615","Csővár","P"
"2616","Keszeg","NO"
"2617","Alsópetény","NO"
"2618","Nézsa","NO"
"2619","Legénd","NO"
"2621","Verőce","P"
"2623","Kismaros","P"
"2624","Szokolya","P"
"2625","Kóspallag","P"
"2626","Nagymaros","P"
"2627","Zebegény","P"
"2628","Szob","P"
"2629","Márianosztra","P"
"2631","Ipolydamásd","P"
"2632","Letkés","P"
"2633","Ipolytölgyes","P"
"2634","Nagybörzsöny","P"
"2635","Vámosmikola","P"
"2636","Tésa","P"
"2637","Perőcsény","P"
"2638","Kemence","P"
"2639","Bernecebaráti","P"
"2640","Szendehely","NO"
"2641","Berkenye","NO"
"2642","Nógrád","NO"
"2643","Diósjenő","NO"
"2644","Borsosberény","NO"
"2645","Nagyoroszi","NO"
"2646","Drégelypalánk","NO"
"2647","Hont","NO"
"2648","Patak","NO"
"2649","Dejtár","NO"
"2651","Rétság","NO"
"2652","Tereske","NO"
"2653","Bánk","NO"
"2654","Romhány","NO"
"2655","Kétbodony","NO"
"2655","Kisecset","NO"
"2655","Szente","NO"
"2656","Szátok","NO"
"2657","Tolmács","NO"
"2658","Horpács","NO"
"2658","Pusztaberki","NO"
"2659","Érsekvadkert","NO"
"2660","Balassagyarmat","NO"
"2660","Ipolyszög","NO"
"2668","Patvarc","NO"
"2669","Ipolyvece","NO"
"2671","Őrhalom","NO"
"2672","Hugyag","NO"
"2673","Csitár","NO"
"2675","Iliny","NO"
"2675","Nógrádmarcal","NO"
"2676","Cserhátsurány","NO"
"2677","Herencsény","NO"
"2678","Csesztve","NO"
"2681","Galgagyörk","P"
"2682","Püspökhatvan","P"
"2683","Acsa","P"
"2685","Nógrádsáp","NO"
"2686","Galgaguta","NO"
"2687","Bercel","NO"
"2688","Vanyarc","NO"
"2691","Nógrádkövesd","NO"
"2692","Szécsénke","NO"
"2693","Becske","NO"
"2694","Cserháthaláp","NO"
"2694","Debercsény","NO"
"2694","Magyarnándor","NO"
"2696","Terény","NO"
"2697","Szanda","NO"
"2698","Mohora","NO"
"2699","Szügy","NO"
"2700","Cegléd","P"
"2711","Tápiószentmárton","P"
"2712","Nyársapát","P"
"2713","Csemő","P"
"2721","Pilis","P"
"2723","Nyáregyháza","P"
"2724","Újlengyel","P"
"2730","Albertirsa","P"
"2735","Dánszentmiklós","P"
"2736","Mikebuda","P"
"2737","Ceglédbercel","P"
"2738","Cegléd-Budaiút","P"
"2740","Abony","P"
"2745","Kőröstetétlen","P"
"2746","Jászkarajenő","P"
"2747","Törtel","P"
"2750","Nagykőrös","P"
"2755","Kocsér","P"
"2760","Nagykáta","P"
"2764","Tápióbicske","P"
"2765","Farmos","P"
"2766","Tápiószele","P"
"2767","Tápiógyörgye","P"
"2768","Újszilvás","P"
"2769","Tápiószőlős","P"
"2800","Tatabánya","KE"
"2821","Gyermely","KE"
"2822","Szomor","KE"
"2823","Vértessomló","KE"
"2824","Várgesztes","KE"
"2831","Tarján","KE"
"2832","Héreg","KE"
"2833","Vértestolna","KE"
"2834","Tardos","KE"
"2835","Tata-Agostyán","KE"
"2836","Baj","KE"
"2837","Vértesszőlős","KE"
"2840","Oroszlány","KE"
"2851","Környe","KE"
"2852","Kecskéd","KE"
"2853","Kömlőd","KE"
"2854","Dad","KE"
"2855","Bokod","KE"
"2856","Szákszend","KE"
"2858","Császár","KE"
"2859","Vérteskethely","KE"
"2861","Bakonysárkány","KE"
"2862","Aka","KE"
"2870","Kisbér","KE"
"2879","Kisbér-Hánta","KE"
"2881","Ászár","KE"
"2882","Kerékteleki","KE"
"2883","Bársonyos","KE"
"2884","Bakonyszombathely","KE"
"2885","Bakonybánk","KE"
"2886","Réde","KE"
"2887","Ácsteszér","KE"
"2888","Csatka","KE"
"2889","Súr","KE"
"2890","Tata","KE"
"2896","Szomód","KE"
"2897","Dunaszentmiklós","KE"
"2898","Kocs","KE"
"2899","Naszály","KE"
"2900","Komárom","KE"
"2903","Komárom-Koppánymonostor","P"
"2911","Mocsa","KE"
"2921","Komárom-Szőny","P"
"2931","Almásfüzitő","KE"
"2941","Ács","KE"
"2942","Nagyigmánd","KE"
"2943","Bábolna","KE"
"2944","Bana","KE"
"2945","Tárkány","KE"
"2946","Csép","KE"
"2947","Ete","KE"
"2948","Kisigmánd","KE"
"2949","Csém","KE"
"3000","Hatvan","HE"
"3000","Hatvan-Kerekharaszt","HE"
"3009","Kerekharaszt","HE"
"3011","Heréd","HE"
"3012","Nagykökényes","HE"
"3013","Ecséd","HE"
"3014","Hort","HE"
"3015","Csány","HE"
"3016","Boldog","HE"
"3021","Lőrinci","HE"
"3022","Lőrinci-Mátravidékierőmű","P"
"3023","Petőfibánya","HE"
"3024","Lőrinci-Selyp","P"
"3031","Zagyvaszántó","HE"
"3032","Apc","HE"
"3033","Rózsaszentmárton","HE"
"3034","Szűcsi","HE"
"3035","Gyöngyöspata","HE"
"3036","Gyöngyöstarján","HE"
"3041","Héhalom","NO"
"3042","Palotás","NO"
"3043","Egyházasdengeleg","NO"
"3044","Szirák","NO"
"3045","Bér","NO"
"3046","Kisbágyon","NO"
"3047","Buják","NO"
"3051","Szarvasgede","NO"
"3052","Csécse","NO"
"3053","Ecseg","NO"
"3053","Kozárd","NO"
"3060","Pásztó","NO"
"3063","Jobbágyi","NO"
"3064","Szurdokpüspöki","NO"
"3065","Pásztó-Hasznos","P"
"3066","Bokor","NO"
"3066","Cserhátszentiván","NO"
"3066","Kutasó","NO"
"3067","Felsőtold","NO"
"3067","Garáb","NO"
"3068","Mátraszőlős","NO"
"3069","Alsótold","NO"
"3070","Bátonyterenye","NO"
"3071","Bátonyterenye-Nagybátony","P"
"3073","Tar","NO"
"3074","Sámsonháza","NO"
"3075","Kisbárkány","NO"
"3075","Márkháza","NO"
"3075","Nagybárkány","NO"
"3077","Mátraverebély","NO"
"3078","Bátonyterenye-Kisterenye","P"
"3082","Pásztó-Mátrakeresztes","P"
"3100","Salgótarján","NO"
"3102","Salgótarján-Baglyasalja","P"
"3104","Salgótarján-Zagyvapálfalva","P"
"3109","Salgótarján-Salgóbánya","P"
"3121","Somoskőújfalu","NO"
"3123","Cered","NO"
"3124","Zabar","NO"
"3125","Szilaspogony","NO"
"3126","Bárna","NO"
"3127","Kazár","NO"
"3128","Vizslás","NO"
"3129","Lucfalva","NO"
"3129","Nagykeresztúr","NO"
"3131","Sóshartyán","NO"
"3132","Nógrádmegyer","NO"
"3133","Magyargéc","NO"
"3134","Piliny","NO"
"3135","Szécsényfelfalu","NO"
"3136","Etes","NO"
"3137","Karancsberény","NO"
"3138","Ipolytarnóc","NO"
"3141","Salgótarján-Zagyvaróna","P"
"3142","Mátraszele","NO"
"3143","Mátranovák","NO"
"3144","Mátranovák-Bányatelep","P"
"3145","Mátraterenye-Homokterenye","P"
"3146","Mátraterenye-Nádújfalu","P"
"3147","Kazár-Mizserfa","NO"
"3151","Rákóczibánya","NO"
"3152","Nemti","NO"
"3153","Dorogháza","NO"
"3154","Szuha","NO"
"3155","Mátramindszent","NO"
"3161","Kishartyán","NO"
"3162","Ságújfalu","NO"
"3163","Karancsság","NO"
"3163","Szalmatercs","NO"
"3165","Endrefalva","NO"
"3170","Szécsény","NO"
"3175","Nagylóc","NO"
"3176","Hollókő","NO"
"3177","Rimóc","NO"
"3178","Varsány","NO"
"3179","Nógrádsipek","NO"
"3181","Karancsalja","NO"
"3182","Karancslapujtő","NO"
"3183","Karancskeszi","NO"
"3184","Mihálygerge","NO"
"3185","Egyházasgerge","NO"
"3186","Litke","NO"
"3187","Nógrádszakál","NO"
"3188","Ludányhalászi","NO"
"3200","Gyöngyös","HE"
"3211","Gyöngyösoroszi","HE"
"3212","Gyöngyöshalász","HE"
"3213","Atkár","HE"
"3214","Nagyréde","HE"
"3221","Gyöngyös-Kékestető","HE"
"3231","Gyöngyössolymos","HE"
"3232","Gyöngyös-Mátrafüred","HE"
"3233","Gyöngyös-Mátraháza","HE"
"3234","Mátraszentimre-Galyatető","HE"
"3235","Mátraszentimre","HE"
"3240","Parád","HE"
"3242","Parádsasvár","HE"
"3243","Bodony","HE"
"3244","Parád-Parádfürdő","HE"
"3245","Recsk","HE"
"3246","Mátraderecske","HE"
"3247","Mátraballa","HE"
"3248","Ivád","HE"
"3250","Pétervására","HE"
"3252","Erdőkövesd","HE"
"3253","Istenmezeje","HE"
"3254","Váraszó","HE"
"3255","Fedémes","HE"
"3256","Kisfüzes","HE"
"3257","Bükkszenterzsébet","HE"
"3258","Tarnalelesz","HE"
"3259","Szentdomonkos","HE"
"3261","Abasár","HE"
"3261","Pálosvörösmart","HE"
"3262","Markaz","HE"
"3263","Domoszló","HE"
"3264","Kisnána","HE"
"3265","Vécs","HE"
"3271","Visonta","HE"
"3272","Visonta-MátraiErőmű","P"
"3273","Halmajugra","HE"
"3274","Ludas","HE"
"3275","Detk","HE"
"3281","Karácsond","HE"
"3282","Nagyfüged","HE"
"3283","Tarnazsadány","HE"
"3284","Tarnaméra","HE"
"3291","Vámosgyörk","HE"
"3292","Adács","HE"
"3293","Visznek","HE"
"3294","Tarnaörs","HE"
"3295","Erk","HE"
"3296","Zaránk","HE"
"3300","Eger","HE"
"3304","Eger-Felnémet","HE"
"3321","Egerbakta","HE"
"3322","Hevesaranyos","HE"
"3323","Szarvaskő","HE"
"3324","Felsőtárkány","HE"
"3325","Noszvaj","HE"
"3326","Ostoros","HE"
"3327","Novaj","HE"
"3328","Egerszólát","HE"
"3331","Tarnaszentmária","HE"
"3332","Sirok","HE"
"3333","Terpes","HE"
"3334","Szajla","HE"
"3335","Bükkszék","HE"
"3336","Bátor","HE"
"3337","Egerbocs","HE"
"3341","Egercsehi","HE"
"3341","Szúcs","HE"
"3343","Bekölce","HE"
"3344","Mikófalva","HE"
"3345","Mónosbél","HE"
"3346","Bélapátfalva","HE"
"3346","Bükkszentmárton","HE"
"3347","Balaton","HE"
"3348","Szilvásvárad","HE"
"3349","Nagyvisnyó","HE"
"3350","Kál","HE"
"3351","Verpelét","HE"
"3352","Feldebrő","HE"
"3353","Aldebrő","HE"
"3354","Tófalu","HE"
"3355","Kápolna","HE"
"3356","Kompolt","HE"
"3357","Nagyút","HE"
"3358","Erdőtelek","HE"
"3359","Tenk","HE"
"3360","Heves","HE"
"3368","Boconád","HE"
"3369","Tarnabod","HE"
"3371","Átány","HE"
"3372","Kömlő","HE"
"3373","Besenyőtelek","HE"
"3374","Dormánd","HE"
"3375","Mezőtárkány","HE"
"3377","Szihalom","HE"
"3378","Mezőszemere","HE"
"3379","Egerfarmos","HE"
"3381","Pély","HE"
"3382","Tarnaszentmiklós","HE"
"3383","Hevesvezekény","HE"
"3384","Kisköre","HE"
"3385","Tiszanána","HE"
"3386","Sarud","HE"
"3387","Újlőrincfalva","HE"
"3388","Poroszló","HE"
"3390","Füzesabony","HE"
"3394","Egerszalók","HE"
"3395","Demjén","HE"
"3396","Kerecsend","HE"
"3397","Maklár","HE"
"3398","Nagytálya","HE"
"3399","Andornaktálya","HE"
"3400","Mezőkövesd","BAZ"
"3411","Szomolya","BAZ"
"3412","Bogács","BAZ"
"3413","Cserépfalu","BAZ"
"3414","Bükkzsérc","BAZ"
"3416","Tard","BAZ"
"3417","Cserépváralja","BAZ"
"3418","Szentistván","BAZ"
"3421","Mezőnyárád","BAZ"
"3422","Bükkábrány","BAZ"
"3423","Tibolddaróc","BAZ"
"3424","Kács","BAZ"
"3425","Sály","BAZ"
"3426","Borsodgeszt","BAZ"
"3431","Vatta","BAZ"
"3432","Emőd","BAZ"
"3433","Nyékládháza","BAZ"
"3434","Mályi","BAZ"
"3441","Mezőkeresztes","BAZ"
"3442","Csincse","BAZ"
"3443","Mezőnagymihály","BAZ"
"3444","Gelej","BAZ"
"3450","Mezőcsát","BAZ"
"3458","Tiszakeszi","BAZ"
"3459","Igrici","BAZ"
"3461","Egerlövő","BAZ"
"3462","Borsodivánka","BAZ"
"3463","Négyes","BAZ"
"3464","Tiszavalk","BAZ"
"3465","Tiszabábolna","BAZ"
"3466","Tiszadorogma","BAZ"
"3467","Ároktő","BAZ"
"3500","Miskolc","BAZ"
"3508","Miskolc-Hejőcsaba","BAZ"
"3509","Miskolc-Újdiósgyőr","BAZ"
"3511","Miskolc-Diósgyőr","BAZ"
"3515","Miskolc-Egyetemváros","BAZ"
"3516","Miskolc-Görömböly","BAZ"
"3517","Miskolc-Lillafüred","BAZ"
"3518","Miskolc-Pereces","BAZ"
"3519","Miskolc-Miskolctapolca","BAZ"
"3521","Miskolc-Szirma","BAZ"
"3551","Ónod","BAZ"
"3552","Muhi","BAZ"
"3553","Kistokaj","BAZ"
"3554","Bükkaranyos","BAZ"
"3555","Harsány","BAZ"
"3556","Kisgyőr","BAZ"
"3557","Bükkszentkereszt","BAZ"
"3558","Miskolc-Bükkszentlászló","BAZ"
"3559","Répáshuta","BAZ"
"3561","Felsőzsolca","BAZ"
"3562","Onga","BAZ"
"3563","Hernádkak","BAZ"
"3564","Hernádnémeti","BAZ"
"3565","Tiszalúc","BAZ"
"3571","Alsózsolca","BAZ"
"3572","Sajólád","BAZ"
"3573","Sajópetri","BAZ"
"3574","Bőcs","BAZ"
"3575","Berzék","BAZ"
"3576","Sajóhídvég","BAZ"
"3577","Köröm","BAZ"
"3578","Girincs","BAZ"
"3578","Kiscsécs","BAZ"
"3579","Kesznyéten","BAZ"
"3580","Tiszaújváros","BAZ"
"3585","Tiszaújváros-Óváros","BAZ"
"3586","Sajóörös","BAZ"
"3587","Tiszapalkonya","BAZ"
"3588","Hejőkürt","BAZ"
"3589","Tiszatarján","BAZ"
"3591","Oszlár","BAZ"
"3592","Nemesbikk","BAZ"
"3593","Hejőbába","BAZ"
"3594","Hejőpapi","BAZ"
"3595","Hejőszalonta","BAZ"
"3596","Szakáld","BAZ"
"3597","Hejőkeresztúr","BAZ"
"3598","Nagycsécs","BAZ"
"3599","Sajószöged","BAZ"
"3600","Ózd","BAZ"
"3603","Ózd-Sajóvárkony","BAZ"
"3604","Ózd-Bánszállás","BAZ"
"3608","Farkaslyuk","BAZ"
"3621","Ózd-Uraj","BAZ"
"3622","Uppony","BAZ"
"3623","Borsodszentgyörgy","BAZ"
"3625","Ózd-Szentsimon","BAZ"
"3626","Hangony","BAZ"
"3627","Domaháza","BAZ"
"3627","Kissikátor","BAZ"
"3630","Putnok","BAZ"
"3635","Dubicsány","BAZ"
"3636","Sajógalgóc","BAZ"
"3636","Vadna","BAZ"
"3641","Nagybarca","BAZ"
"3642","Bánhorváti","BAZ"
"3643","Dédestapolcsány","BAZ"
"3644","Tardona","BAZ"
"3645","Mályinka","BAZ"
"3646","Nekézseny","BAZ"
"3647","Csokvaomány","BAZ"
"3648","Bükkmogyorósd","BAZ"
"3648","Csernely","BAZ"
"3648","Lénárddaróc","BAZ"
"3651","Ózd-Center","BAZ"
"3652","Sajónémeti","BAZ"
"3653","Sajópüspöki","BAZ"
"3654","Bánréve","BAZ"
"3655","Hét","BAZ"
"3656","Sajómercse","BAZ"
"3656","Sajóvelezd","BAZ"
"3657","Királd","BAZ"
"3658","Borsodbóta","BAZ"
"3659","Sáta","BAZ"
"3661","Ózd-Hódoscsépány","BAZ"
"3662","Ózd-Somsálybánya","BAZ"
"3663","Arló","BAZ"
"3664","Járdánháza","BAZ"
"3671","Borsodnádasd","BAZ"
"3672","Borsodnádasd-Lemezgyár","BAZ"
"3700","Kazincbarcika","BAZ"
"3704","Berente","BAZ"
"3711","Szirmabesenyő","BAZ"
"3712","Sajósenye","BAZ"
"3712","Sajóvámos","BAZ"
"3713","Arnót","BAZ"
"3714","Sajópálfala","BAZ"
"3715","Gesztely","BAZ"
"3716","Sóstófalva","BAZ"
"3716","Újcsanálos","BAZ"
"3717","Alsódobsza","BAZ"
"3718","Megyaszó","BAZ"
"3720","Sajóivánka","BAZ"
"3720","Sajókaza","BAZ"
"3721","Dövény","BAZ"
"3721","Felsőnyárád","BAZ"
"3721","Jákfalva","BAZ"
"3722","Felsőkelecsény","BAZ"
"3723","Zubogy","BAZ"
"3724","Imola","BAZ"
"3724","Ragály","BAZ"
"3724","Trizs","BAZ"
"3726","Alsószuha","BAZ"
"3726","Szuhafő","BAZ"
"3726","Zádorfalva","BAZ"
"3728","Gömörszőlős","BAZ"
"3728","Kelemér","BAZ"
"3729","Serényfalva","BAZ"
"3731","Szuhakálló","BAZ"
"3732","Kurityán","BAZ"
"3733","Rudabánya","BAZ"
"3734","Szuhogy","BAZ"
"3735","Alsótelekes","BAZ"
"3735","Felsőtelekes","BAZ"
"3735","Kánó","BAZ"
"3741","Izsófalva","BAZ"
"3742","Rudolftelep","BAZ"
"3743","Ormosbánya","BAZ"
"3744","Múcsony","BAZ"
"3751","Szendrőlád","BAZ"
"3752","Galvács","BAZ"
"3752","Szendrő","BAZ"
"3753","Abod","BAZ"
"3754","Meszes","BAZ"
"3754","Szalonna","BAZ"
"3755","Martonyi","BAZ"
"3756","Perkupa","BAZ"
"3756","Varbóc","BAZ"
"3757","Égerszög","BAZ"
"3757","Szőlősardó","BAZ"
"3757","Teresztenye","BAZ"
"3758","Jósvafő","BAZ"
"3759","Aggtelek","BAZ"
"3761","Szin","BAZ"
"3761","Szinpetri","BAZ"
"3761","Tornakápolna","BAZ"
"3762","Szögliget","BAZ"
"3763","Bódvaszilas","BAZ"
"3764","Bódvarákó","BAZ"
"3765","Komjáti","BAZ"
"3765","Tornabarakony","BAZ"
"3765","Tornaszentandrás","BAZ"
"3767","Tornanádaska","BAZ"
"3768","Becskeháza","BAZ"
"3768","Bódvalenke","BAZ"
"3768","Hidvégardó","BAZ"
"3769","Tornaszentjakab","BAZ"
"3770","Sajószentpéter","BAZ"
"3773","Sajókápolna","BAZ"
"3773","Sajólászlófalva","BAZ"
"3775","Kondó","BAZ"
"3776","Radostyán","BAZ"
"3777","Parasznya","BAZ"
"3778","Varbó","BAZ"
"3779","Alacska","BAZ"
"3780","Balajt","BAZ"
"3780","Damak","BAZ"
"3780","Edelény","BAZ"
"3780","Ládbesenyő","BAZ"
"3783","Edelény-Finke","BAZ"
"3786","Hegymeg","BAZ"
"3786","Irota","BAZ"
"3786","Lak","BAZ"
"3786","Szakácsi","BAZ"
"3787","Tomor","BAZ"
"3791","Sajókeresztúr","BAZ"
"3792","Sajóbábony","BAZ"
"3793","Sajóecseg","BAZ"
"3794","Boldva","BAZ"
"3794","Ziliz","BAZ"
"3795","Hangács","BAZ"
"3795","Nyomár","BAZ"
"3796","Borsodszirák","BAZ"
"3800","Szikszó","BAZ"
"3809","Abaújszolnok","BAZ"
"3809","Nyésta","BAZ"
"3809","Selyeb","BAZ"
"3811","Alsóvadász","BAZ"
"3812","Homrogd","BAZ"
"3812","Monaj","BAZ"
"3813","Kupa","BAZ"
"3814","Felsővadász","BAZ"
"3815","Abaújlak","BAZ"
"3815","Gadna","BAZ"
"3816","Gagyvendégi","BAZ"
"3817","Gagybátor","BAZ"
"3821","Büttös","BAZ"
"3821","Kány","BAZ"
"3821","Keresztéte","BAZ"
"3821","Krasznokvajda","BAZ"
"3821","Pamlény","BAZ"
"3821","Perecse","BAZ"
"3821","Szászfa","BAZ"
"3825","Debréte","BAZ"
"3825","Rakaca","BAZ"
"3825","Viszló","BAZ"
"3826","Rakacaszend","BAZ"
"3831","Kázsmárk","BAZ"
"3832","Léh","BAZ"
"3833","Rásonysápberencs","BAZ"
"3834","Beret","BAZ"
"3834","Detek","BAZ"
"3836","Baktakék","BAZ"
"3837","Alsógagy","BAZ"
"3837","Csenyéte","BAZ"
"3837","Felsőgagy","BAZ"
"3837","Gagyapáti","BAZ"
"3841","Aszaló","BAZ"
"3842","Halmaj","BAZ"
"3843","Kiskinizs","BAZ"
"3844","Nagykinizs","BAZ"
"3844","Szentistvánbaksa","BAZ"
"3846","Hernádkércs","BAZ"
"3847","Felsődobsza","BAZ"
"3848","Csobád","BAZ"
"3849","Forró","BAZ"
"3851","Ináncs","BAZ"
"3852","Hernádszentandrás","BAZ"
"3853","Hernádbűd","BAZ"
"3853","Pere","BAZ"
"3854","Gibárt","BAZ"
"3855","Fancsal","BAZ"
"3860","Encs","BAZ"
"3860","Encs-Gibárt","BAZ"
"3863","Szalaszend","BAZ"
"3864","Fulókércs","BAZ"
"3865","Fáj","BAZ"
"3866","Litka","BAZ"
"3866","Szemere","BAZ"
"3871","Méra","BAZ"
"3872","Novajidrány","BAZ"
"3873","Garadna","BAZ"
"3874","Hernádpetri","BAZ"
"3874","Hernádvécse","BAZ"
"3874","Pusztaradvány","BAZ"
"3875","Hernádszurdok","BAZ"
"3876","Hidasnémeti","BAZ"
"3877","Tornyosnémeti","BAZ"
"3881","Abaújszántó","BAZ"
"3881","Baskó","BAZ"
"3881","Sima","BAZ"
"3882","Abaújalpár","BAZ"
"3882","Abaújkér","BAZ"
"3884","Boldogkőújfalu","BAZ"
"3885","Arka","BAZ"
"3885","Boldogkőváralja","BAZ"
"3886","Korlát","BAZ"
"3887","Hernádcéce","BAZ"
"3888","Vizsoly","BAZ"
"3891","Vilmány","BAZ"
"3892","Hejce","BAZ"
"3893","Fony","BAZ"
"3893","Mogyoróska","BAZ"
"3893","Regéc","BAZ"
"3894","Göncruszka","BAZ"
"3895","Gönc","BAZ"
"3896","Telkibánya","BAZ"
"3897","Zsujta","BAZ"
"3898","Abaújvár","BAZ"
"3898","Pányok","BAZ"
"3899","Kéked","BAZ"
"3900","Szerencs","BAZ"
"3903","Bekecs","BAZ"
"3904","Legyesbénye","BAZ"
"3905","Monok","BAZ"
"3906","Golop","BAZ"
"3907","Tállya","BAZ"
"3908","Rátka","BAZ"
"3909","Mád","BAZ"
"3910","Tokaj","BAZ"
"3915","Tarcal","BAZ"
"3916","Bodrogkeresztúr","BAZ"
"3917","Bodrogkisfalud","BAZ"
"3918","Szegi","BAZ"
"3918","Szegilong","BAZ"
"3921","Taktaszada","BAZ"
"3922","Taktaharkány","BAZ"
"3923","Gesztely-Újharangod","BAZ"
"3924","Taktakenéz","BAZ"
"3925","Prügy","BAZ"
"3926","Taktabáj","BAZ"
"3927","Csobaj","BAZ"
"3928","Tiszatardos","BAZ"
"3929","Tiszaladány","BAZ"
"3931","Mezőzombor","BAZ"
"3932","Erdőbénye","BAZ"
"3933","Olaszliszka","BAZ"
"3934","Tolcsva","BAZ"
"3935","Erdőhorváti","BAZ"
"3936","Háromhuta","BAZ"
"3937","Komlóska","BAZ"
"3941","Vámosújfalu","BAZ"
"3942","Sárazsadány","BAZ"
"3943","Bodrogolaszi","BAZ"
"3944","Sátoraljaújhely-Károlyfalva","BAZ"
"3945","Sátoraljaújhely-Rudabányácska","BAZ"
"3950","Sárospatak","BAZ"
"3954","Györgytarló","BAZ"
"3955","Kenézlő","BAZ"
"3956","Viss","BAZ"
"3957","Zalkod","BAZ"
"3958","Hercegkút","BAZ"
"3959","Makkoshotyka","BAZ"
"3961","Vajdácska","BAZ"
"3962","Karos","BAZ"
"3963","Karcsa","BAZ"
"3964","Pácin","BAZ"
"3965","Kisrozvágy","BAZ"
"3965","Nagyrozvágy","BAZ"
"3967","Lácacséke","BAZ"
"3971","Tiszakarád","BAZ"
"3972","Tiszacsermely","BAZ"
"3973","Cigánd","BAZ"
"3974","Ricse","BAZ"
"3974","Semjén","BAZ"
"3976","Révleányvár","BAZ"
"3977","Zemplénagárd","BAZ"
"3978","Dámóc","BAZ"
"3980","Sátoraljaújhely","BAZ"
"3985","Alsóberecki","BAZ"
"3985","Felsőberecki","BAZ"
"3987","Bodroghalom","BAZ"
"3988","Sátoraljaújhely-Széphalom","BAZ"
"3989","Alsóregmec","BAZ"
"3989","Felsőregmec","BAZ"
"3989","Mikóháza","BAZ"
"3991","Vilyvitány","BAZ"
"3992","Kovácsvágás","BAZ"
"3992","Vágáshuta","BAZ"
"3993","Füzérradvány","BAZ"
"3994","Bózsva","BAZ"
"3994","Filkeháza","BAZ"
"3994","Füzérkajata","BAZ"
"3994","Kishuta","BAZ"
"3994","Nagyhuta","BAZ"
"3994","Pálháza","BAZ"
"3995","Pusztafalu","BAZ"
"3996","Füzér","BAZ"
"3997","Füzérkomlós","BAZ"
"3998","Nyíri","BAZ"
"3999","Hollóháza","BAZ"
"4000","Debrecen","HB"
"4014","Debrecen-Pallag","HB"
"4022","Debrecen-Tégláskert","HB"
"4060","Balmazújváros","HB"
"4063","Debrecen-Nagymacs","HB"
"4064","Nagyhegyes","HB"
"4065","Újszentmargita","HB"
"4066","Tiszacsege","HB"
"4067","Egyek-Telekháza","HB"
"4069","Egyek","HB"
"4071","Hortobágy","HB"
"4074","Hajdúböszörmény-Nagypród","HB"
"4075","Görbeháza","HB"
"4078","Debrecen-Haláp","HB"
"4079","Debrecen-Bánk","HB"
"4080","Hajdúnánás","HB"
"4085","Hajdúnánás-Tedej","HB"
"4086","Hajdúböszörmény-Hajdúvid","HB"
"4087","Hajdúdorog","HB"
"4090","Folyás","HB"
"4090","Polgár","HB"
"4096","Újtikos","HB"
"4097","Tiszagyulaháza","HB"
"4100","Berettyóújfalu","HB"
"4103","Berettyóújfalu-Berettyószentmárton","HB"
"4110","Biharkeresztes","HB"
"4114","Bojt","HB"
"4115","Ártánd","HB"
"4116","Berekböszörmény","HB"
"4117","Told","HB"
"4118","Mezőpeterd","HB"
"4119","Váncsod","HB"
"4121","Szentpéterszeg","HB"
"4122","Gáborján","HB"
"4123","Hencida","HB"
"4124","Esztár","HB"
"4125","Pocsaj","HB"
"4126","Kismarja","HB"
"4127","Nagykereki","HB"
"4128","Bedő","HB"
"4130","Derecske","HB"
"4132","Tépe","HB"
"4133","Konyár","HB"
"4134","Mezősas","HB"
"4135","Körösszegapáti","HB"
"4136","Körösszakál","HB"
"4137","Magyarhomorog","HB"
"4138","Komádi","HB"
"4141","Furta","HB"
"4142","Zsáka","HB"
"4143","Vekerd","HB"
"4144","Darvas","HB"
"4145","Csökmő","HB"
"4146","Újiráz","HB"
"4150","Püspökladány","HB"
"4161","Báránd","HB"
"4162","Szerep-Hosszúhát","HB"
"4163","Szerep","HB"
"4164","Bakonszeg","HB"
"4171","Sárrétudvari","HB"
"4172","Biharnagybajom","HB"
"4173","Nagyrábé","HB"
"4174","Bihartorda","HB"
"4175","Bihardancsháza","HB"
"4176","Sáp","HB"
"4177","Földes","HB"
"4181","Nádudvar","HB"
"4183","Kaba","HB"
"4184","Tetétlen","HB"
"4200","Hajdúszoboszló","HB"
"4211","Ebes","HB"
"4212","Hajdúszovát","HB"
"4220","Hajdúböszörmény","HB"
"4224","Hajdúböszörmény-Bodaszőlő","HB"
"4225","Debrecen-Józsa","HB"
"4231","Bököny","SZSZB"
"4232","Geszteréd","SZSZB"
"4233","Balkány","SZSZB"
"4234","Szakoly","SZSZB"
"4235","Biri","SZSZB"
"4241","Bocskaikert","HB"
"4242","Hajdúhadház","HB"
"4243","Téglás","HB"
"4244","Újfehértó","SZSZB"
"4245","Érpatak","SZSZB"
"4246","Nyíregyháza-Butykatelep","SZSZB"
"4251","Hajdúsámson","HB"
"4252","Nyíradony-Tamásipuszta","HB"
"4253","Nyíradony-Aradványpuszta","HB"
"4254","Nyíradony","HB"
"4262","Nyíracsád","HB"
"4263","Nyírmártonfalva","HB"
"4264","Nyírábrány","HB"
"4266","Fülöp","HB"
"4267","Penészlek","SZSZB"
"4271","Mikepércs","HB"
"4272","Sáránd","HB"
"4273","Hajdúbagos","HB"
"4274","Hosszúpályi","HB"
"4275","Monostorpályi","HB"
"4281","Létavértes-Nagyléta","HB"
"4283","Létavértes-Vértes","HB"
"4284","Kokad","HB"
"4285","Álmosd","HB"
"4286","Bagamér","HB"
"4287","Vámospércs","HB"
"4288","Újléta","HB"
"4300","Nyírbátor","SZSZB"
"4311","Nyírgyulaj","SZSZB"
"4320","Nagykálló","SZSZB"
"4324","Kállósemjén","SZSZB"
"4325","Kisléta","SZSZB"
"4326","Máriapócs","SZSZB"
"4327","Pócspetri","SZSZB"
"4331","Nyírcsászári","SZSZB"
"4332","Nyírderzs","SZSZB"
"4333","Nyírkáta","SZSZB"
"4334","Hodász","SZSZB"
"4335","Kántorjánosi","SZSZB"
"4336","Őr","SZSZB"
"4337","Jármi","SZSZB"
"4338","Papos","SZSZB"
"4341","Nyírvasvári","SZSZB"
"4342","Terem","SZSZB"
"4343","Bátorliget","SZSZB"
"4351","Vállaj","SZSZB"
"4352","Mérk","SZSZB"
"4353","Tiborszállás","SZSZB"
"4354","Fábiánháza","SZSZB"
"4355","Nagyecsed","SZSZB"
"4356","Nyírcsaholy","SZSZB"
"4361","Nyírbogát","SZSZB"
"4362","Nyírgelse","SZSZB"
"4363","Nyírmihálydi","SZSZB"
"4371","Nyírlugos","SZSZB"
"4372","Nyírbéltek","SZSZB"
"4373","Ömböly","SZSZB"
"4374","Encsencs","SZSZB"
"4375","Piricse","SZSZB"
"4376","Nyírpilis","SZSZB"
"4400","Nyíregyháza","SZSZB"
"4405","Nyíregyháza-Borbánya","SZSZB"
"4413","Nyíregyháza-Jósaváros","SZSZB"
"4431","Nyíregyháza-Sóstófürdő","SZSZB"
"4432","Nyíregyháza-Nyírszőlős","SZSZB"
"4433","Nyíregyháza-Felsősima","SZSZB"
"4434","Kálmánháza","SZSZB"
"4435","Nyíregyháza-Rozsrétszőlő","SZSZB"
"4440","Tiszavasvári","SZSZB"
"4441","Szorgalmatos","SZSZB"
"4445","Nagycserkesz","SZSZB"
"4446","Tiszaeszlár-Bashalom","SZSZB"
"4447","Tiszalök-Kisfástanya","SZSZB"
"4450","Tiszalök","SZSZB"
"4455","Tiszadada","SZSZB"
"4456","Tiszadob","SZSZB"
"4461","Nyírtelek","SZSZB"
"4463","Tiszanagyfalu","SZSZB"
"4464","Tiszaeszlár","SZSZB"
"4464","Tiszaeszlár-Basahalom","SZSZB"
"4465","Rakamaz","SZSZB"
"4466","Timár","SZSZB"
"4467","Szabolcs","SZSZB"
"4468","Balsa","SZSZB"
"4471","Gávavencsellő-Gáva","SZSZB"
"4472","Gávavencsellő-Vencsellő","SZSZB"
"4474","Tiszabercel","SZSZB"
"4475","Paszab","SZSZB"
"4481","Nyíregyháza-Sóstóhegy","SZSZB"
"4482","Kótaj","SZSZB"
"4483","Buj","SZSZB"
"4484","Ibrány","SZSZB"
"4485","Nagyhalász","SZSZB"
"4486","Tiszatelek-Kétérköz","SZSZB"
"4487","Tiszatelek","SZSZB"
"4488","Beszterec","SZSZB"
"4491","Újdombrád","SZSZB"
"4492","Dombrád","SZSZB"
"4493","Tiszakanyár","SZSZB"
"4494","Kékcse","SZSZB"
"4495","Döge","SZSZB"
"4496","Szabolcsveresmart","SZSZB"
"4501","Kemecse","SZSZB"
"4502","Vasmegyer","SZSZB"
"4503","Tiszarád","SZSZB"
"4511","Nyírbogdány","SZSZB"
"4515","Kék","SZSZB"
"4516","Demecser","SZSZB"
"4517","Gégény","SZSZB"
"4521","Berkesz","SZSZB"
"4522","Nyírtass","SZSZB"
"4523","Pátroha","SZSZB"
"4524","Ajak","SZSZB"
"4525","Rétközberencs","SZSZB"
"4531","Nyírpazony","SZSZB"
"4532","Nyírtura","SZSZB"
"4533","Sényő","SZSZB"
"4534","Székely","SZSZB"
"4535","Nyíribrony","SZSZB"
"4536","Ramocsaháza","SZSZB"
"4537","Nyírkércs","SZSZB"
"4541","Nyírjákó","SZSZB"
"4542","Petneháza","SZSZB"
"4543","Laskod","SZSZB"
"4544","Nyírkarász","SZSZB"
"4545","Gyulaháza","SZSZB"
"4546","Anarcs","SZSZB"
"4547","Szabolcsbáka","SZSZB"
"4551","Nyíregyháza-Oros","SZSZB"
"4552","Napkor","SZSZB"
"4553","Apagy","SZSZB"
"4554","Nyírtét","SZSZB"
"4555","Levelek","SZSZB"
"4556","Magy","SZSZB"
"4557","Besenyőd","SZSZB"
"4558","Ófehértó","SZSZB"
"4561","Baktalórántháza","SZSZB"
"4562","Vaja","SZSZB"
"4563","Rohod","SZSZB"
"4564","Nyírmada","SZSZB"
"4565","Pusztadobos","SZSZB"
"4566","Ilk","SZSZB"
"4567","Gemzse","SZSZB"
"4600","Kisvárda","SZSZB"
"4611","Jéke","SZSZB"
"4621","Fényeslitke","SZSZB"
"4622","Komoró","SZSZB"
"4623","Tuzsér","SZSZB"
"4624","Tiszabezdéd","SZSZB"
"4625","Győröcske","SZSZB"
"4625","Záhony","SZSZB"
"4627","Zsurk","SZSZB"
"4628","Tiszaszentmárton","SZSZB"
"4631","Pap","SZSZB"
"4632","Nyírlövő","SZSZB"
"4633","Lövőpetri","SZSZB"
"4634","Aranyosapáti","SZSZB"
"4635","Újkenéz","SZSZB"
"4641","Mezőladány","SZSZB"
"4642","Tornyospálca","SZSZB"
"4643","Benk","SZSZB"
"4644","Mándok","SZSZB"
"4645","Tiszamogyorós","SZSZB"
"4646","Eperjeske","SZSZB"
"4700","Mátészalka","SZSZB"
"4721","Szamoskér","SZSZB"
"4722","Nyírmeggyes","SZSZB"
"4731","Tunyogmatolcs","SZSZB"
"4732","Cégénydányád","SZSZB"
"4733","Gyügye","SZSZB"
"4734","Szamosújlak","SZSZB"
"4735","Hermánszeg","SZSZB"
"4735","Szamossályi","SZSZB"
"4737","Darnó","SZSZB"
"4737","Kisnamény","SZSZB"
"4741","Jánkmajtis","SZSZB"
"4742","Csegöld","SZSZB"
"4743","Csengersima","SZSZB"
"4745","Szamosbecs","SZSZB"
"4746","Szamostatárfalva","SZSZB"
"4751","Kocsord","SZSZB"
"4752","Győrtelek","SZSZB"
"4754","Fülpösdaróc","SZSZB"
"4754","Géberjén","SZSZB"
"4755","Ököritófülpös","SZSZB"
"4756","Rápolt","SZSZB"
"4761","Porcsalma","SZSZB"
"4762","Tyukod","SZSZB"
"4763","Ura","SZSZB"
"4764","Csengerújfalu","SZSZB"
"4765","Csenger","SZSZB"
"4765","Komlódtótfalu","SZSZB"
"4766","Pátyod","SZSZB"
"4767","Szamosangyalos","SZSZB"
"4800","Vásárosnamény","SZSZB"
"4803","Vásárosnamény-Gergelyiugornya","SZSZB"
"4804","Vásárosnamény-Vitka","SZSZB"
"4811","Kisvarsány","SZSZB"
"4812","Nagyvarsány","SZSZB"
"4813","Gyüre","SZSZB"
"4821","Ópályi","SZSZB"
"4822","Nyírparasznya","SZSZB"
"4823","Nagydobos","SZSZB"
"4824","Szamosszeg","SZSZB"
"4826","Olcsva","SZSZB"
"4831","Tiszaszalka","SZSZB"
"4832","Tiszavid","SZSZB"
"4833","Tiszaadony","SZSZB"
"4834","Tiszakerecseny","SZSZB"
"4835","Mátyus","SZSZB"
"4836","Lónya","SZSZB"
"4841","Jánd","SZSZB"
"4842","Gulács","SZSZB"
"4843","Hetefejércse","SZSZB"
"4844","Csaroda","SZSZB"
"4845","Tákos","SZSZB"
"4900","Fehérgyarmat","SZSZB"
"4911","Nábrád","SZSZB"
"4912","Kérsemjén","SZSZB"
"4913","Panyola","SZSZB"
"4914","Olcsvaapáti","SZSZB"
"4921","Kisar","SZSZB"
"4921","Tivadar","SZSZB"
"4922","Nagyar","SZSZB"
"4931","Tarpa","SZSZB"
"4932","Márokpapi","SZSZB"
"4933","Beregsurány","SZSZB"
"4934","Beregdaróc","SZSZB"
"4935","Gelénes","SZSZB"
"4936","Vámosatya","SZSZB"
"4937","Barabás","SZSZB"
"4941","Penyige","SZSZB"
"4942","Mánd","SZSZB"
"4942","Nemesborzova","SZSZB"
"4943","Kömörő","SZSZB"
"4944","Túristvándi","SZSZB"
"4945","Szatmárcseke","SZSZB"
"4946","Tiszakóród","SZSZB"
"4947","Tiszacsécse","SZSZB"
"4948","Milota","SZSZB"
"4951","Tiszabecs","SZSZB"
"4952","Uszka","SZSZB"
"4953","Magosliget","SZSZB"
"4954","Sonkád","SZSZB"
"4955","Botpalád","SZSZB"
"4956","Kispalád","SZSZB"
"4961","Zsarolyán","SZSZB"
"4962","Nagyszekeres","SZSZB"
"4963","Kisszekeres","SZSZB"
"4964","Fülesd","SZSZB"
"4965","Kölcse","SZSZB"
"4966","Vámosoroszi","SZSZB"
"4967","Csaholc","SZSZB"
"4968","Túrricse","SZSZB"
"4969","Tisztaberek","SZSZB"
"4971","Rozsály","SZSZB"
"4972","Gacsály","SZSZB"
"4973","Császló","SZSZB"
"4974","Zajta","SZSZB"
"4975","Méhtelek","SZSZB"
"4976","Garbolc","SZSZB"
"4977","Kishódos","SZSZB"
"4977","Nagyhódos","SZSZB"
"5000","Szolnok","JNSZ"
"5008","Szolnok-Szandaszőllős","JNSZ"
"5051","Zagyvarékas","JNSZ"
"5052","Újszász","JNSZ"
"5053","Szászberek","JNSZ"
"5054","Jászalsószentgyörgy","JNSZ"
"5055","Jászladány","JNSZ"
"5061","Tiszasüly","JNSZ"
"5062","Kőtelek","JNSZ"
"5063","Hunyadfalva","JNSZ"
"5064","Csataszög","JNSZ"
"5065","Nagykörű","JNSZ"
"5071","Besenyszög","JNSZ"
"5081","Szajol","JNSZ"
"5082","Tiszatenyő","JNSZ"
"5083","Kengyel","JNSZ"
"5084","Rákócziújfalu","JNSZ"
"5085","Rákóczifalva","JNSZ"
"5091","Tószeg","JNSZ"
"5092","Tiszavárkony","JNSZ"
"5092","Tiszavárkony-Tiszavárkonyi","JNSZ"
"5093","Vezseny","JNSZ"
"5094","Tiszajenő","JNSZ"
"5095","Tiszavárkony-Tiszavárkonyi-Szőlők","JNSZ"
"5100","Jászberény","JNSZ"
"5111","Jászfelsőszentgyörgy","JNSZ"
"5121","Jászjákóhalma","JNSZ"
"5122","Jászdózsa","JNSZ"
"5123","Jászárokszállás","JNSZ"
"5124","Jászágó","JNSZ"
"5125","Pusztamonostor","JNSZ"
"5126","Jászfényszaru","JNSZ"
"5130","Jászapáti","JNSZ"
"5135","Jászivány","JNSZ"
"5136","Jászszentandrás","JNSZ"
"5137","Jászkisér","JNSZ"
"5141","Jásztelek","JNSZ"
"5142","Alattyán","JNSZ"
"5143","Jánoshida","JNSZ"
"5144","Jászboldogháza","JNSZ"
"5152","Jászberény-Portelek","JNSZ"
"5200","Törökszentmiklós","JNSZ"
"5211","Tiszapüspöki","JNSZ"
"5212","Törökszentmiklós-Surjány","JNSZ"
"5213","Fegyvernek-Szapárfalu","JNSZ"
"5222","Örményes","JNSZ"
"5231","Fegyvernek","JNSZ"
"5232","Tiszabő","JNSZ"
"5233","Tiszagyenda","JNSZ"
"5234","Tiszaroff","JNSZ"
"5235","Tiszabura","JNSZ"
"5241","Abádszalók","JNSZ"
"5243","Tiszaderzs","JNSZ"
"5244","Tiszaszőlős","JNSZ"
"5300","Karcag","JNSZ"
"5309","Berekfürdő","JNSZ"
"5310","Kisújszállás","JNSZ"
"5321","Kunmadaras","JNSZ"
"5322","Tiszaszentimre","JNSZ"
"5323","Tiszaszentimre-Újszentgyörgy","JNSZ"
"5324","Tomajmonostora","JNSZ"
"5331","Kenderes","JNSZ"
"5340","Kunhegyes","JNSZ"
"5349","Kenderes-Bánhalma","JNSZ"
"5350","Tiszafüred","JNSZ"
"5358","Tiszafüred-Tiszaörvény","JNSZ"
"5359","Tiszafüred-Kócsújfalu","JNSZ"
"5361","Tiszaigar","JNSZ"
"5362","Tiszaörs","JNSZ"
"5363","Nagyiván","JNSZ"
"5400","Mezőtúr","JNSZ"
"5411","Kétpó","JNSZ"
"5412","Kuncsorba","JNSZ"
"5420","Túrkeve","JNSZ"
"5430","Tiszaföldvár","JNSZ"
"5435","Martfű","JNSZ"
"5440","Kunszentmárton","JNSZ"
"5449","Kunszentmárton-Kungyalu","JNSZ"
"5451","Öcsöd","JNSZ"
"5452","Mesterszállás","JNSZ"
"5453","Mezőhék","JNSZ"
"5461","Tiszaföldvár-Homok","JNSZ"
"5462","Cibakháza","JNSZ"
"5463","Nagyrév","JNSZ"
"5464","Tiszainoka","JNSZ"
"5465","Cserkeszőlő","JNSZ"
"5471","Tiszakürt","JNSZ"
"5474","Tiszasas","JNSZ"
"5475","Csépa","JNSZ"
"5476","Szelevény","JNSZ"
"5500","Gyomaendrőd","BEK"
"5501","Gyomaendrőd-Gyoma","BEK"
"5502","Gyomaendrőd-Endrőd","BEK"
"5510","Dévaványa","BEK"
"5515","Ecsegfalva","BEK"
"5516","Körösladány","BEK"
"5520","Szeghalom","BEK"
"5525","Füzesgyarmat","BEK"
"5526","Kertészsziget","BEK"
"5527","Bucsa","BEK"
"5530","Vésztő","BEK"
"5534","Okány","BEK"
"5536","Körösújfalu","BEK"
"5537","Zsadány","BEK"
"5538","Biharugra","BEK"
"5539","Körösnagyharsány","BEK"
"5540","Szarvas","BEK"
"5551","Csabacsűd","BEK"
"5552","Kardos","BEK"
"5553","Kondoros","BEK"
"5555","Hunya","BEK"
"5556","Örménykút","BEK"
"5561","Békésszentandrás","BEK"
"5600","Békéscsaba","BEK"
"5609","Csabaszabadi","BEK"
"5621","Csárdaszállás","BEK"
"5622","Köröstarcsa","BEK"
"5623","Békéscsaba-Gerla","BEK"
"5624","Doboz","BEK"
"5630","Békés","BEK"
"5641","Tarhos","BEK"
"5643","Bélmegyer","BEK"
"5650","Mezőberény","BEK"
"5661","Újkígyós","BEK"
"5662","Csanádapáca","BEK"
"5663","Medgyesbodzás","BEK"
"5664","Medgyesbodzás-Gábortelep","BEK"
"5665","Pusztaottlaka","BEK"
"5666","Medgyesegyháza","BEK"
"5667","Magyarbánhegyes","BEK"
"5668","Nagybánhegyes","BEK"
"5671","Békéscsaba-Mezőmegyer","BEK"
"5672","Murony","BEK"
"5673","Kamut","BEK"
"5674","Kétsoprony","BEK"
"5675","Telekgerendás","BEK"
"5700","Gyula","BEK"
"5700","Gyula-József","BEK"
"5703","Gyula-JózsefAttilaszanatórium","BEK"
"5711","Gyula-Gyulavári","BEK"
"5712","Szabadkígyós","BEK"
"5720","Sarkad","BEK"
"5722","Sarkad-Cukorgyár","BEK"
"5725","Kötegyán","BEK"
"5726","Méhkerék","BEK"
"5727","Újszalonta","BEK"
"5731","Sarkadkeresztúr","BEK"
"5732","Mezőgyán","BEK"
"5734","Geszt","BEK"
"5741","Kétegyháza","BEK"
"5742","Elek","BEK"
"5743","Lőkösháza","BEK"
"5744","Kevermes","BEK"
"5745","Dombiratos","BEK"
"5746","Kunágota","BEK"
"5747","Almáskamarás","BEK"
"5751","Nagykamarás","BEK"
"5752","Medgyesegyháza-Bánkút","BEK"
"5800","Mezőkovácsháza","BEK"
"5811","Végegyháza","BEK"
"5820","Mezőhegyes","BEK"
"5830","Battonya","BEK"
"5836","Dombegyház","BEK"
"5837","Kisdombegyház","BEK"
"5838","Magyardombegyház","BEK"
"5900","Orosháza","BEK"
"5903","Orosháza-Rákóczitelep","BEK"
"5904","Orosháza-Gyopárosfürdő","BEK"
"5905","Orosháza-Szentetornya","BEK"
"5919","Pusztaföldvár","BEK"
"5920","Csorvás","BEK"
"5925","Gerendás","BEK"
"5931","Nagyszénás","BEK"
"5932","Gádoros","BEK"
"5940","Tótkomlós","BEK"
"5945","Kardoskút","BEK"
"5946","Békéssámson","BEK"
"5948","Kaszaper","BEK"
"6000","Kecskemét","BK"
"6008","Kecskemét-Méntelek","BK"
"6031","Szentkirály","BK"
"6032","Nyárlőrinc","BK"
"6033","Városföld","BK"
"6034","Helvécia","BK"
"6035","Ballószög","BK"
"6041","Kerekegyháza","BK"
"6042","Fülöpháza","BK"
"6043","Kunbaracs","BK"
"6044","Kecskemét-Hetényegyháza","BK"
"6045","Ladánybene","BK"
"6050","Lajosmizse","BK"
"6055","Felsőlajos","BK"
"6060","Tiszakécske","BK"
"6062","Tiszakécske-Tiszabög","BK"
"6064","Tiszaug","BK"
"6065","Lakitelek","BK"
"6066","Tiszaalpár","BK"
"6066","Tiszaalpár-Alpár","BK"
"6067","Tiszaalpár-Tiszaújfalú","BK"
"6070","Izsák","BK"
"6075","Páhi","BK"
"6076","Ágasegyháza","BK"
"6077","Orgovány","BK"
"6078","Jakabszállás","BK"
"6080","Szabadszállás","BK"
"6085","Fülöpszállás","BK"
"6086","Szalkszentmárton","BK"
"6087","Dunavecse","BK"
"6088","Apostag","BK"
"6090","Kunszentmiklós","BK"
"6096","Kunpeszér","BK"
"6097","Kunadacs","BK"
"6098","Tass","BK"
"6100","Kiskunfélegyháza","BK"
"6111","Gátér","BK"
"6112","Pálmonostora","BK"
"6113","Petőfiszállás","BK"
"6114","Bugac","BK"
"6114","Bugacpusztaháza","BK"
"6115","Kunszállás","BK"
"6116","Fülöpjakab","BK"
"6120","Kiskunmajsa","BK"
"6131","Szank","BK"
"6132","Móricgát","BK"
"6133","Jászszentlászló","BK"
"6134","Kömpöc","BK"
"6135","Csólyospálos","BK"
"6136","Harkakötöny","BK"
"6200","Kiskőrös","BK"
"6211","Kaskantyú","BK"
"6221","Akasztó","BK"
"6222","Csengőd","BK"
"6223","Soltszentimre","BK"
"6224","Tabdi","BK"
"6230","Soltvadkert","BK"
"6235","Bócsa","BK"
"6236","Tázlár","BK"
"6237","Kecel","BK"
"6238","Imrehegy","BK"
"6239","Császártöltés","BK"
"6300","Kalocsa","BK"
"6311","Öregcsertő","BK"
"6320","Solt","BK"
"6321","Újsolt","BK"
"6323","Dunaegyháza","BK"
"6325","Dunatetétlen","BK"
"6326","Harta","BK"
"6327","Harta-Állampuszta","BK"
"6328","Dunapataj","BK"
"6331","Foktő","BK"
"6332","Uszód","BK"
"6333","Dunaszentbenedek","BK"
"6334","Géderlak","BK"
"6335","Ordas","BK"
"6336","Szakmár","BK"
"6337","Újtelek","BK"
"6341","Homokmégy","BK"
"6342","Drágszél","BK"
"6343","Miske","BK"
"6344","Hajós","BK"
"6345","Nemesnádudvar","BK"
"6346","Sükösd","BK"
"6347","Érsekcsanád","BK"
"6348","Érsekhalma","BK"
"6351","Bátya","BK"
"6352","Fajsz","BK"
"6353","Dusnok","BK"
"6400","Kiskunhalas","BK"
"6411","Zsana","BK"
"6412","Balotaszállás","BK"
"6413","Kunfehértó","BK"
"6414","Pirtó","BK"
"6421","Kisszállás","BK"
"6422","Tompa","BK"
"6423","Kelebia","BK"
"6424","Csikéria","BK"
"6425","Bácsszőlős","BK"
"6430","Bácsalmás","BK"
"6435","Kunbaja","BK"
"6440","Jánoshalma","BK"
"6444","Kéleshalom","BK"
"6445","Borota","BK"
"6446","Rém","BK"
"6447","Felsőszentiván","BK"
"6448","Csávoly","BK"
"6449","Mélykút","BK"
"6451","Tataháza","BK"
"6452","Mátételke","BK"
"6453","Bácsbokod","BK"
"6454","Bácsborsód","BK"
"6455","Katymár","BK"
"6456","Madaras","BK"
"6500","Baja","BK"
"6503","Baja-Bajaszentistván","BK"
"6511","Bácsszentgyörgy","BK"
"6512","Szeremle","BK"
"6513","Dunafalva","BK"
"6521","Vaskút","BK"
"6522","Gara","BK"
"6523","Csátalja","BK"
"6524","Dávod","BK"
"6525","Hercegszántó","BK"
"6527","Nagybaracska","BK"
"6528","Bátmonostor","BK"
"6600","Szentes","CSO"
"6612","Nagytőke","CSO"
"6621","Derekegyház","CSO"
"6622","Nagymágocs","CSO"
"6623","Árpádhalom","CSO"
"6624","Eperjes","CSO"
"6625","Fábiánsebestyén","CSO"
"6630","Mindszent","CSO"
"6635","Szegvár","CSO"
"6636","Mártély","CSO"
"6640","Csongrád","CSO"
"6645","Felgyő","CSO"
"6646","Tömörkény","CSO"
"6647","Csanytelek","CSO"
"6648","Csongrád-Bokros","CSO"
"6700","Szeged","CSO"
"6710","Szeged-Szentmihály","CSO"
"6750","Algyő","CSO"
"6753","Szeged-Tápé","CSO"
"6754","Újszentiván","CSO"
"6755","Kübekháza","CSO"
"6756","Tiszasziget","CSO"
"6757","Szeged-Gyálarét","CSO"
"6758","Röszke","CSO"
"6760","Kistelek","CSO"
"6762","Sándorfalva","CSO"
"6763","Szatymaz","CSO"
"6764","Balástya","CSO"
"6765","Csengele","CSO"
"6766","Dóc","CSO"
"6767","Ópusztaszer","CSO"
"6768","Baks","CSO"
"6769","Pusztaszer","CSO"
"6771","Szeged-Szőreg","CSO"
"6772","Deszk","CSO"
"6773","Klárafalva","CSO"
"6774","Ferencszállás","CSO"
"6775","Kiszombor","CSO"
"6781","Domaszék","CSO"
"6782","Mórahalom","CSO"
"6783","Ásotthalom","CSO"
"6784","Öttömös","CSO"
"6785","Pusztamérges","CSO"
"6786","Ruzsa","CSO"
"6787","Zákányszék","CSO"
"6791","Szeged-Kiskundorozsma","CSO"
"6792","Zsombó","CSO"
"6793","Forráskút","CSO"
"6794","Üllés","CSO"
"6795","Bordány","CSO"
"6800","Hódmezővásárhely","CSO"
"6806","Hódmezővásárhely-Szikáncs","CSO"
"6821","Székkutas","CSO"
"6900","Makó","CSO"
"6903","Makó-Rákos","CSO"
"6911","Királyhegyes","CSO"
"6912","Kövegy","CSO"
"6913","Csanádpalota","CSO"
"6914","Pitvaros","CSO"
"6915","Csanádalberti","CSO"
"6916","Ambrózfalva","CSO"
"6917","Nagyér","CSO"
"6921","Maroslele","CSO"
"6922","Földeák","CSO"
"6923","Óföldeák","CSO"
"6931","Apátfalva","CSO"
"6932","Magyarcsanád","CSO"
"6933","Nagylak","CSO"
"7000","Sárbogárd","FEJ"
"7003","Sárbogárd-Sárszentmiklós","FEJ"
"7011","Alap","FEJ"
"7012","Alsószentiván","FEJ"
"7013","Cece","FEJ"
"7014","Sáregres","FEJ"
"7015","Igar","FEJ"
"7015","Igar-Vámszőlőhegy","FEJ"
"7017","Mezőszilas","FEJ"
"7018","Sárbogárd-Pusztaegres","FEJ"
"7019","Sárbogárd-Sárhatvan","FEJ"
"7020","Dunaföldvár","TO"
"7025","Bölcske","TO"
"7026","Madocsa","TO"
"7027","Paks-Dunakömlőd","TO"
"7030","Paks","TO"
"7038","Pusztahencse","TO"
"7039","Németkér","TO"
"7041","Vajta","TO"
"7042","Pálfa","TO"
"7043","Bikács","TO"
"7044","Nagydorog","TO"
"7045","Györköny","TO"
"7047","Sárszentlőrinc","TO"
"7051","Kajdacs","TO"
"7052","Kölesd","TO"
"7054","Tengelic","TO"
"7056","Szedres","TO"
"7057","Medina","TO"
"7061","Belecska","TO"
"7062","Keszőhidegkút","TO"
"7063","Szárazd","TO"
"7064","Gyönk","TO"
"7065","Miszla","TO"
"7066","Udvari","TO"
"7067","Varsád","TO"
"7068","Kistormás","TO"
"7071","Szakadát","TO"
"7072","Diósberény","TO"
"7081","Simontornya","TO"
"7082","Kisszékely","TO"
"7083","Tolnanémedi","TO"
"7084","Pincehely","TO"
"7085","Nagyszékely","TO"
"7086","Ozora","TO"
"7087","Fürged","TO"
"7090","Tamási","TO"
"7090","Tamási-Pári","TO"
"7091","Pári","TO"
"7092","Nagykónyi","TO"
"7093","Értény","TO"
"7094","Koppányszántó","TO"
"7095","Iregszemcse","TO"
"7095","Újireg","TO"
"7097","Nagyszokoly","TO"
"7098","Magyarkeszi","TO"
"7099","Felsőnyék","TO"
"7100","Szekszárd","TO"
"7121","Szálka","TO"
"7122","Kakasd","TO"
"7130","Tolna","TO"
"7131","Tolna-Mözs","TO"
"7132","Bogyiszló","TO"
"7133","Fadd","TO"
"7134","Gerjen","TO"
"7135","Dunaszentgyörgy","TO"
"7136","Fácánkert","TO"
"7140","Bátaszék","TO"
"7142","Pörböly","TO"
"7143","Őcsény","TO"
"7144","Decs","TO"
"7145","Sárpilis","TO"
"7146","Várdomb","TO"
"7147","Alsónána","TO"
"7148","Alsónyék","TO"
"7149","Báta","TO"
"7150","Bonyhád","TO"
"7158","Bonyhádvarasd","TO"
"7159","Kisdorog","TO"
"7161","Cikó","TO"
"7162","Grábóc","TO"
"7163","Mőcsény","TO"
"7164","Bátaapáti","TO"
"7165","Mórágy","TO"
"7171","Sióagárd","TO"
"7172","Harc","TO"
"7173","Zomba","TO"
"7174","Kéty","TO"
"7175","Felsőnána","TO"
"7176","Murga","TO"
"7181","Tevel","TO"
"7182","Závod","TO"
"7183","Kisvejke","TO"
"7184","Lengyel","TO"
"7185","Mucsfa","TO"
"7186","Aparhant","TO"
"7186","Nagyvejke","TO"
"7187","Bonyhád-Majos","TO"
"7188","Szárász","TO"
"7191","Hőgyész","TO"
"7192","Szakály","TO"
"7193","Regöly","TO"
"7194","Kalaznó","TO"
"7195","Mucsi","TO"
"7200","Dombóvár","TO"
"7211","Dalmand","TO"
"7212","Kocsola","TO"
"7213","Szakcs","TO"
"7214","Lápafő","TO"
"7214","Várong","TO"
"7215","Nak","TO"
"7224","Dúzs","TO"
"7225","Csibrák","TO"
"7226","Kurd","TO"
"7227","Gyulaj","TO"
"7228","Döbrököz","TO"
"7251","Kapospula","TO"
"7252","Attala","TO"
"7253","Csoma","SO"
"7253","Szabadi","SO"
"7255","Nagyberki","SO"
"7256","Kercseliget","SO"
"7257","Mosdós","SO"
"7258","Baté","SO"
"7258","Kaposkeresztúr","SO"
"7261","Kaposhomok","SO"
"7261","Taszár","SO"
"7271","Fonó","SO"
"7272","Gölle","SO"
"7273","Büssü","SO"
"7274","Kazsok","SO"
"7275","Igal","SO"
"7276","Gadács","SO"
"7276","Somogyszil","SO"
"7279","Kisgyalán","SO"
"7281","Bonnya","SO"
"7282","Fiad","SO"
"7282","Kisbárapáti","SO"
"7283","Somogyacsa","SO"
"7284","Somogydöröcske","SO"
"7285","Kára","SO"
"7285","Szorosad","SO"
"7285","Törökkoppány","SO"
"7300","Komló","BAR"
"7300","Komló-Mecekjánosi","BAR"
"7300","Komló-Mecsekjánosi","BAR"
"7304","Mánfa","BAR"
"7305","Mecsekpölöske","BAR"
"7331","Liget","BAR"
"7332","Magyaregregy","BAR"
"7333","Kárász","BAR"
"7333","Vékény","BAR"
"7334","Köblény","BAR"
"7334","Szalatnak","BAR"
"7341","Csikóstőttős","BAR"
"7342","Mágocs","BAR"
"7343","Nagyhajmás","BAR"
"7344","Mekényes","BAR"
"7345","Alsómocsolád","BAR"
"7346","Bikal","BAR"
"7347","Egyházaskozár","BAR"
"7348","Hegyhátmaróc","BAR"
"7348","Tófű","BAR"
"7349","Szászvár","BAR"
"7351","Máza","BAR"
"7352","Györe","BAR"
"7353","Izmény","BAR"
"7354","Váralja","BAR"
"7355","Nagymányok","BAR"
"7356","Kismányok","BAR"
"7357","Jágónak","BAR"
"7361","Kaposszekcső","BAR"
"7362","Gerényes","BAR"
"7362","Tarrós","BAR"
"7362","Vásárosdombó","BAR"
"7370","Felsőegerszeg","BAR"
"7370","Meződ","BAR"
"7370","Oroszló","BAR"
"7370","Palé","BAR"
"7370","Sásd","BAR"
"7370","Varga","BAR"
"7370","Vázsnok","BAR"
"7381","Ág","BAR"
"7381","Kisvaszar","BAR"
"7381","Tékes","BAR"
"7383","Baranyaszentgyörgy","BAR"
"7383","Szágy","BAR"
"7383","Tormás","BAR"
"7384","Baranyajenő","BAR"
"7385","Gödre-Gödreszentmárton","BAR"
"7386","Gödre-Gödrekeresztúr","BAR"
"7391","Kisbeszterce","BAR"
"7391","Kishajmás","BAR"
"7391","Mindszentgodisa","BAR"
"7393","Bakóca","BAR"
"7394","Bodolyabér","BAR"
"7394","Magyarhertelend","BAR"
"7396","Magyarszék","BAR"
"7400","Kaposvár","SO"
"7400","Orci","SO"
"7400","Zselickislak","SO"
"7431","Juta","SO"
"7432","Csombárd","SO"
"7432","Hetes","SO"
"7434","Mezőcsokonya","SO"
"7435","Somogysárd","SO"
"7436","Újvárfalva","SO"
"7439","Bodrog","SO"
"7441","Magyaregres","SO"
"7442","Várda","SO"
"7443","Alsóbogát","SO"
"7443","Edde","SO"
"7443","Somogyjád","SO"
"7444","Osztopán","SO"
"7451","Kaposvár-Kaposfüred","SO"
"7452","Somogyaszaló","SO"
"7453","Mernye","SO"
"7454","Somodor","SO"
"7455","Somogygeszti","SO"
"7456","Felsőmocsolád","SO"
"7457","Ecseny","SO"
"7458","Polány","SO"
"7461","Kaposvár-Toponár","SO"
"7463","Magyaratád","SO"
"7463","Patalom","SO"
"7464","Ráksi","SO"
"7465","Szentgáloskér","SO"
"7471","Zimány","SO"
"7472","Cserénfa","SO"
"7472","Szentbalázs","SO"
"7473","Gálosfa","SO"
"7473","Hajmás","SO"
"7473","Kaposgyarmat","SO"
"7474","Simonfa","SO"
"7474","Zselicszentpál","SO"
"7475","Bőszénfa","SO"
"7476","Kaposszerdahely","SO"
"7477","Patca","SO"
"7477","Szenna","SO"
"7477","Szilvásszentmárton","SO"
"7477","Zselickisfalud","SO"
"7478","Bárdudvarnok","SO"
"7479","Sántos","SO"
"7500","Nagyatád","SO"
"7511","Ötvöskónyi","SO"
"7512","Mike","SO"
"7513","Rinyaszentkirály","SO"
"7514","Tarany","SO"
"7515","Somogyudvarhely","SO"
"7516","Berzence","SO"
"7517","Bolhás","SO"
"7521","Kaposmérő","SO"
"7522","Kaposújlak","SO"
"7523","Kaposfő","SO"
"7523","Kisasszond","SO"
"7524","Kiskorpád","SO"
"7525","Jákó","SO"
"7526","Csököly","SO"
"7527","Gige","SO"
"7527","Rinyakovácsi","SO"
"7530","Kadarkút","SO"
"7530","Kőkút","SO"
"7532","Hencse","SO"
"7533","Hedrehely","SO"
"7533","Visnye","SO"
"7535","Lad","SO"
"7536","Patosfa","SO"
"7537","Homokszentgyörgy","SO"
"7538","Kálmáncsa","SO"
"7539","Szulok","SO"
"7541","Kutas","SO"
"7542","Kisbajom","SO"
"7543","Beleg","SO"
"7544","Szabás","SO"
"7545","Nagykorpád","SO"
"7551","Lábod","SO"
"7552","Rinyabesenyő","SO"
"7553","Görgeteg","SO"
"7555","Csokonyavisonta","SO"
"7556","Rinyaújlak","SO"
"7557","Barcs-Somogytarnóca","SO"
"7561","Nagybajom","SO"
"7561","Pálmajor","SO"
"7562","Segesd","SO"
"7563","Somogyszob","SO"
"7564","Kaszó","SO"
"7570","Barcs","SO"
"7582","Komlósd","SO"
"7582","Péterhida","SO"
"7584","Babócsa","SO"
"7584","Rinyaújnép","SO"
"7584","Somogyaracs","SO"
"7585","Bakháza","SO"
"7585","Háromfa","SO"
"7586","Bolhó","SO"
"7587","Heresznye","SO"
"7588","Vízvár","SO"
"7589","Bélavár","SO"
"7600","Pécs","BAR"
"7639","Kökény","BAR"
"7661","Erzsébet","BAR"
"7661","Kátoly","BAR"
"7661","Kékesd","BAR"
"7661","Szellő","BAR"
"7663","Máriakéménd","BAR"
"7664","Berkesd","BAR"
"7664","Pereked","BAR"
"7664","Szilágy","BAR"
"7666","Pogány","BAR"
"7668","Gyód","BAR"
"7668","Keszü","BAR"
"7671","Aranyosgadány","BAR"
"7671","Bicsérd","BAR"
"7671","Zók","BAR"
"7672","Boda","BAR"
"7673","Cserkút","BAR"
"7673","Kővágószőlős","BAR"
"7675","Bakonya","BAR"
"7675","Kővágótöttös","BAR"
"7677","Orfű","BAR"
"7678","Abaliget","BAR"
"7678","Husztót","BAR"
"7678","Kovácsszénája","BAR"
"7681","Hetvehely","BAR"
"7681","Okorvölgy","BAR"
"7681","Szentkatalin","BAR"
"7682","Bükkösd","BAR"
"7683","Cserdi","BAR"
"7683","Dinnyeberki","BAR"
"7683","Helesfa","BAR"
"7691","Pécs-Vasas","BAR"
"7693","Pécs-Hird","BAR"
"7694","Hosszúhetény","BAR"
"7695","Mecseknádasd","BAR"
"7695","Óbánya","BAR"
"7695","Ófalu","BAR"
"7696","Hidas","BAR"
"7700","Mohács","BAR"
"7711","Bár","BAR"
"7712","Dunaszekcső","BAR"
"7714","Mohács-Újmohács","BAR"
"7715","Mohács-Sárhát","BAR"
"7716","Homorúd","BAR"
"7717","Kölked","BAR"
"7718","Udvar","BAR"
"7720","Apátvarasd","BAR"
"7720","Lovászhetény","BAR"
"7720","Martonfa","BAR"
"7720","Pécsvárad","BAR"
"7720","Zengővárkony","BAR"
"7723","Erdősmecske","BAR"
"7724","Feked","BAR"
"7725","Szebény","BAR"
"7726","Véménd","BAR"
"7727","Palotabozsok","BAR"
"7728","Görcsönydoboka","BAR"
"7728","Somberek","BAR"
"7731","Nagypall","BAR"
"7732","Fazekasboda","BAR"
"7733","Geresdlak","BAR"
"7733","Maráza","BAR"
"7735","Erdősmárok","BAR"
"7735","Himesháza","BAR"
"7735","Szűr","BAR"
"7737","Székelyszabar","BAR"
"7741","Nagykozár","BAR"
"7742","Bogád","BAR"
"7743","Romonya","BAR"
"7744","Ellend","BAR"
"7745","Hásságy","BAR"
"7745","Olasz","BAR"
"7747","Belvárdgyula","BAR"
"7747","Birján","BAR"
"7751","Monyoród","BAR"
"7751","Szederkény","BAR"
"7752","Versend","BAR"
"7753","Szajk","BAR"
"7754","Bóly","BAR"
"7755","Töttös","BAR"
"7756","Borjád","BAR"
"7756","Kisbudmér","BAR"
"7756","Nagybudmér","BAR"
"7756","Pócsa","BAR"
"7757","Babarc","BAR"
"7757","Liptód","BAR"
"7759","Kisnyárád","BAR"
"7759","Lánycsók","BAR"
"7761","Kozármisleny","BAR"
"7761","Lothárd","BAR"
"7761","Magyarsarlós","BAR"
"7762","Pécsudvard","BAR"
"7763","Áta","BAR"
"7763","Egerág","BAR"
"7763","Kisherend","BAR"
"7763","Szemely","BAR"
"7763","Szőkéd","BAR"
"7766","Kiskassa","BAR"
"7766","Pécsdevecser","BAR"
"7766","Peterd","BAR"
"7766","Újpetre","BAR"
"7768","Kistótfalu","BAR"
"7768","Vokány","BAR"
"7771","Palkonya","BAR"
"7772","Ivánbattyán","BAR"
"7772","Villánykövesd","BAR"
"7773","Kisjakabfalva","BAR"
"7773","Villány","BAR"
"7774","Márok","BAR"
"7775","Illocska","BAR"
"7775","Kislippó","BAR"
"7775","Lapáncsa","BAR"
"7775","Magyarbóly","BAR"
"7781","Ivándárda","BAR"
"7781","Lippó","BAR"
"7781","Sárok","BAR"
"7782","Bezedek","BAR"
"7783","Majs","BAR"
"7784","Nagynyárád","BAR"
"7785","Sátorhely","BAR"
"7800","Kisharsány","BAR"
"7800","Nagytótfalu","BAR"
"7800","Siklós","BAR"
"7811","Bisse","BAR"
"7811","Bosta","BAR"
"7811","Csarnóta","BAR"
"7811","Szalánta","BAR"
"7811","Szilvás","BAR"
"7811","Túrony","BAR"
"7812","Garé","BAR"
"7813","Szava","BAR"
"7814","Babarcszőlős","BAR"
"7814","Kisdér","BAR"
"7814","Ócsárd","BAR"
"7814","Siklósbodony","BAR"
"7815","Harkány","BAR"
"7817","Diósviszló","BAR"
"7817","Márfa","BAR"
"7817","Rádfalva","BAR"
"7822","Nagyharsány","BAR"
"7823","Kistapolca","BAR"
"7823","Siklósnagyfalu","BAR"
"7824","Egyházasharaszti","BAR"
"7824","Old","BAR"
"7826","Alsószentmárton","BAR"
"7827","Beremend","BAR"
"7827","Kásád","BAR"
"7831","Pellérd","BAR"
"7833","Görcsöny","BAR"
"7833","Regenye","BAR"
"7833","Szőke","BAR"
"7834","Baksa","BAR"
"7834","Tengeri","BAR"
"7834","Téseny","BAR"
"7836","Bogádmindszent","BAR"
"7836","Ózdfalu","BAR"
"7837","Hegyszentmárton","BAR"
"7838","Besence","BAR"
"7838","Hirics","BAR"
"7838","Lúzsok","BAR"
"7838","Nagycsány","BAR"
"7838","Páprád","BAR"
"7838","Piskó","BAR"
"7838","Vajszló","BAR"
"7838","Vejti","BAR"
"7839","Kemse","BAR"
"7839","Zaláta","BAR"
"7841","Adorjás","BAR"
"7841","Baranyahídvég","BAR"
"7841","Kisszentmárton","BAR"
"7841","Kórós","BAR"
"7841","Sámod","BAR"
"7843","Cún","BAR"
"7843","Drávapiski","BAR"
"7843","Kémes","BAR"
"7843","Szaporca","BAR"
"7843","Tésenfa","BAR"
"7846","Drávacsepely","BAR"
"7847","Drávaszerdahely","BAR"
"7847","Ipacsfa","BAR"
"7847","Kovácshida","BAR"
"7849","Drávacsehi","BAR"
"7850","Drávapalkonya","BAR"
"7851","Drávaszabolcs","BAR"
"7853","Gordisa","BAR"
"7854","Matty","BAR"
"7900","Botykapeterd","BAR"
"7900","Csertő","BAR"
"7900","Szigetvár","BAR"
"7912","Nagypeterd","BAR"
"7912","Nagyváty","BAR"
"7912","Nyugotszenterzsébet","BAR"
"7913","Szentdénes","BAR"
"7914","Bánfa","BAR"
"7914","Katádfa","BAR"
"7914","Rózsafa","BAR"
"7915","Dencsháza","BAR"
"7915","Szentegát","BAR"
"7918","Lakócsa","SO"
"7918","Szentborbás","SO"
"7918","Tótújfalu","SO"
"7921","Somogyhatvan","BAR"
"7922","Somogyapáti","BAR"
"7923","Basal","BAR"
"7923","Patapoklosi","BAR"
"7924","Somogyviszló","BAR"
"7925","Magyarlukafa","BAR"
"7925","Somogyhárságy","BAR"
"7926","Vásárosbéc","BAR"
"7932","Almáskeresztúr","BAR"
"7932","Mozsgó","BAR"
"7932","Szulimán","BAR"
"7934","Almamellék","BAR"
"7935","Csebény","BAR"
"7935","Horváthertelend","BAR"
"7935","Ibafa","BAR"
"7936","Szentlászló","BAR"
"7937","Boldogasszonyfa","BAR"
"7940","Csonkamindszent","BAR"
"7940","Kacsóta","BAR"
"7940","Szentlőrinc","BAR"
"7951","Gerde","BAR"
"7951","Pécsbagota","BAR"
"7951","Szabadszentkirály","BAR"
"7951","Velény","BAR"
"7953","Királyegyháza","BAR"
"7954","Gilvánfa","BAR"
"7954","Gyöngyfa","BAR"
"7954","Kisasszonyfa","BAR"
"7954","Magyarmecske","BAR"
"7954","Magyartelek","BAR"
"7957","Okorág","BAR"
"7958","Kákics","BAR"
"7960","Drávaiványi","BAR"
"7960","Drávasztára","BAR"
"7960","Marócsa","BAR"
"7960","Sellye","BAR"
"7960","Sósvertike","BAR"
"7960","Sumony","BAR"
"7964","Csányoszró","BAR"
"7966","Bogdása","BAR"
"7967","Drávafok","BAR"
"7967","Drávakeresztúr","BAR"
"7967","Markóc","BAR"
"7968","Felsőszentmárton","BAR"
"7971","Hobol","BAR"
"7972","Gyöngyösmellék","BAR"
"7973","Bürüs","BAR"
"7973","Endrőc","BAR"
"7973","Teklafalu","BAR"
"7973","Várad","BAR"
"7975","Kétújfalu","BAR"
"7976","Szörény","BAR"
"7976","Zádor","BAR"
"7977","Drávagárdony","SO"
"7977","Kastélyosdombó","SO"
"7977","Potony","SO"
"7979","Drávatamási","SO"
"7980","Pettend","BAR"
"7981","Kistamási","BAR"
"7981","Merenye","BAR"
"7981","Molvány","BAR"
"7981","Nemeske","BAR"
"7981","Tótszentgyörgy","BAR"
"7985","Kisdobsza","BAR"
"7985","Nagydobsza","BAR"
"7987","Istvándi","SO"
"7988","Darány","SO"
"8000","Székesfehérvár","FEJ"
"8019","Székesfehérvár-Börgönd","FEJ"
"8041","Csór","FEJ"
"8042","Moha","FEJ"
"8043","Iszkaszentgyörgy","FEJ"
"8044","Kincsesbánya","FEJ"
"8045","Isztimér","FEJ"
"8046","Bakonykúti","FEJ"
"8051","Sárkeresztes","FEJ"
"8052","Fehérvárcsurgó","FEJ"
"8053","Bodajk","FEJ"
"8054","Balinka-Eszény","FEJ"
"8055","Balinka","FEJ"
"8056","Bakonycsernye","FEJ"
"8060","Mór","FEJ"
"8065","Nagyveleg","FEJ"
"8066","Pusztavám","FEJ"
"8071","Magyaralmás","FEJ"
"8072","Söréd","FEJ"
"8073","Csákberény","FEJ"
"8074","Csókakő","FEJ"
"8080","Bodmér","FEJ"
"8081","Zámoly","FEJ"
"8082","Gánt","FEJ"
"8083","Csákvár","FEJ"
"8085","Vértesboglár","FEJ"
"8086","Felcsút","FEJ"
"8087","Alcsútdoboz","FEJ"
"8088","Tabajd","FEJ"
"8089","Vértesacsa","FEJ"
"8092","Pátka","FEJ"
"8093","Lovasberény","FEJ"
"8095","Pákozd","FEJ"
"8096","Sukoró","FEJ"
"8097","Nadap","FEJ"
"8100","Várpalota","VE"
"8103","Várpalota-Inota","VE"
"8104","Várpalota-InotaiErőmű","VE"
"8105","Pétfürdő","VE"
"8109","Tés","VE"
"8111","Seregélyes","FEJ"
"8112","Zichyújfalu","FEJ"
"8121","Tác","FEJ"
"8122","Csősz","FEJ"
"8123","Soponya","FEJ"
"8124","Káloz","FEJ"
"8125","Sárkeresztúr","FEJ"
"8126","Sárszentágota","FEJ"
"8127","Aba","FEJ"
"8130","Enying","FEJ"
"8131","Enying-Balatonbozsok","FEJ"
"8132","Lepsény","FEJ"
"8133","Mezőszentgyörgy","FEJ"
"8134","Mátyásdomb","FEJ"
"8135","Dég","FEJ"
"8136","Lajoskomárom","FEJ"
"8137","Mezőkomárom","FEJ"
"8138","Szabadhídvég","FEJ"
"8142","Úrhida","FEJ"
"8143","Sárszentmihály","FEJ"
"8144","Sárkeszi","FEJ"
"8145","Nádasdladány","FEJ"
"8146","Jenő","FEJ"
"8151","Szabadbattyán","FEJ"
"8152","Kőszárhegy","FEJ"
"8154","Polgárdi","FEJ"
"8154","Polgárdi-Ipartelepek","FEJ"
"8156","Kisláng","FEJ"
"8157","Füle","FEJ"
"8161","Ősi","VE"
"8162","Küngös","VE"
"8163","Csajág","VE"
"8164","Balatonfőkajár","VE"
"8171","Balatonvilágos","VE"
"8172","Balatonkenese-Balatonakarattya","VE"
"8173","Balatonkenese-Üdülőtelep","VE"
"8174","Balatonkenese","VE"
"8175","Balatonfűzfő","VE"
"8181","Berhida","VE"
"8181","Berhida-Peremarton","VE"
"8182","Berhida-Peremartongyártelep","VE"
"8183","Papkeszi","VE"
"8184","Balatonfűzfő-Fűzfőgyártelep","VE"
"8191","Öskü","VE"
"8192","Hajmáskér","VE"
"8193","Sóly","VE"
"8194","Vilonya","VE"
"8195","Királyszentistván","VE"
"8196","Litér","VE"
"8200","Veszprém","VE"
"8220","Balatonalmádi","VE"
"8225","Szentkirályszabadja","VE"
"8226","Alsóörs","VE"
"8227","Felsőörs","VE"
"8228","Lovas","VE"
"8229","Csopak","VE"
"8229","Paloznak","VE"
"8230","Balatonfüred","VE"
"8233","Balatonszőlős","VE"
"8236","Balatonfüred-Balatonarács","VE"
"8237","Tihany","VE"
"8241","Aszófő","VE"
"8242","Balatonudvari","VE"
"8242","Örvényes","VE"
"8243","Balatonakali","VE"
"8244","Dörgicse","VE"
"8245","Pécsely","VE"
"8245","Vászoly","VE"
"8246","Tótvázsony","VE"
"8247","Hidegkút","VE"
"8248","Nemesvámos","VE"
"8248","Veszprémfajsz","VE"
"8251","Zánka","VE"
"8252","Balatonszepezd","VE"
"8253","Révfülöp","VE"
"8254","Kékkút","VE"
"8254","Kővágóörs","VE"
"8255","Balatonrendes","VE"
"8256","Ábrahámhegy","VE"
"8256","Salföld","VE"
"8257","Badacsonytomaj-Badacsonyörs","VE"
"8258","Badacsonytomaj","VE"
"8261","Badacsonytomaj-Badacsony","VE"
"8263","Badacsonytördemic","VE"
"8264","Szigliget","VE"
"8265","Hegymagas","VE"
"8271","Mencshely","VE"
"8272","Balatoncsicsó","VE"
"8272","Óbudavár","VE"
"8272","Szentantalfa","VE"
"8272","Szentjakabfa","VE"
"8272","Tagyon","VE"
"8273","Monoszló","VE"
"8274","Köveskál","VE"
"8275","Balatonhenye","VE"
"8281","Szentbékkálla","VE"
"8282","Mindszentkálla","VE"
"8283","Káptalantóti","VE"
"8284","Kisapáti","VE"
"8284","Nemesgulács","VE"
"8286","Gyulakeszi","VE"
"8291","Barnag","VE"
"8291","Nagyvázsony","VE"
"8291","Pula","VE"
"8291","Vöröstó","VE"
"8292","Öcs","VE"
"8294","Kapolcs","VE"
"8294","Vigántpetend","VE"
"8295","Taliándörögd","VE"
"8296","Hegyesd","VE"
"8296","Monostorapáti","VE"
"8297","Tapolca-Diszel","VE"
"8300","Raposka","VE"
"8300","Tapolca","VE"
"8308","Sáska","VE"
"8308","Zalahaláp","VE"
"8311","Nemesvita","VE"
"8312","Balatonederics","VE"
"8313","Balatongyörök","ZA"
"8314","Vonyarcvashegy","ZA"
"8315","Gyenesdiás","ZA"
"8316","Vállus","ZA"
"8316","Várvölgy","ZA"
"8318","Lesencefalu","VE"
"8318","Lesencetomaj","VE"
"8319","Lesenceistvánd","VE"
"8321","Uzsa","VE"
"8330","Sümeg","VE"
"8341","Kisvásárhely","ZA"
"8341","Mihályfa","ZA"
"8341","Szalapa","ZA"
"8342","Óhíd","ZA"
"8344","Hetyefő","ZA"
"8344","Zalaerdőd","ZA"
"8345","Dabronc","VE"
"8346","Gógánfa","VE"
"8347","Ukk","VE"
"8348","Megyer","VE"
"8348","Rigács","VE"
"8348","Zalameggyes","VE"
"8349","Zalagyömörő","VE"
"8351","Sümegprága","VE"
"8352","Bazsi","VE"
"8353","Vindornyalak","ZA"
"8353","Zalaszántó","ZA"
"8354","Karmacs","ZA"
"8354","Vindornyafok","ZA"
"8354","Zalaköveskút","ZA"
"8355","Vindornyaszőlős","ZA"
"8356","Kisgörbő","ZA"
"8356","Nagygörbő","ZA"
"8357","Döbröce","ZA"
"8357","Sümegcsehi","ZA"
"8360","Keszthely","ZA"
"8371","Nemesbük","ZA"
"8372","Cserszegtomaj","ZA"
"8373","Rezi","ZA"
"8380","Felsőpáhok","ZA"
"8380","Hévíz","ZA"
"8391","Sármellék","ZA"
"8392","Zalavár","ZA"
"8393","Szentgyörgyvár","ZA"
"8394","Alsópáhok","ZA"
"8400","Ajka","VE"
"8409","Úrkút","VE"
"8411","Veszprém-Kádárta","VE"
"8412","Veszprém-Gyulafirátót","VE"
"8413","Eplény","VE"
"8414","Olaszfalu","VE"
"8415","Nagyesztergár","VE"
"8416","Dudar","VE"
"8417","Csetény","VE"
"8418","Bakonyoszlop","VE"
"8419","Csesznek","VE"
"8420","Zirc","VE"
"8422","Bakonynána","VE"
"8423","Szápár","VE"
"8424","Jásd","VE"
"8425","Lókút","VE"
"8426","Pénzesgyőr","VE"
"8427","Bakonybél","VE"
"8428","Borzavár","VE"
"8429","Porva","VE"
"8430","Bakonyszentkirály","VE"
"8431","Bakonyszentlászló","VE"
"8432","Fenyőfő","VE"
"8433","Bakonygyirót","VE"
"8434","Románd","VE"
"8435","Gic","VE"
"8438","Veszprémvarsány","VE"
"8439","Sikátor","VE"
"8440","Herend","VE"
"8441","Márkó","VE"
"8442","Hárskút","VE"
"8443","Bánd","VE"
"8444","Szentgál","VE"
"8445","Csehbánya","VE"
"8445","Városlőd","VE"
"8446","Kislőd","VE"
"8447","Ajka-Ajkarendek","VE"
"8448","Ajka-Bakonygyepes","VE"
"8449","Magyarpolány","VE"
"8451","Ajka-Padragkút","VE"
"8452","Halimba","VE"
"8452","Szőc","VE"
"8454","Nyirád","VE"
"8455","Pusztamiske","VE"
"8456","Noszlop","VE"
"8457","Bakonypölöske","VE"
"8458","Oroszi","VE"
"8460","Devecser","VE"
"8468","Kolontár","VE"
"8469","Kamond","VE"
"8471","Bodorfa","VE"
"8471","Káptalanfa","VE"
"8471","Nemeshany","VE"
"8473","Gyepükaján","VE"
"8474","Csabrendek","VE"
"8475","Hosztót","VE"
"8475","Szentimrefalva","VE"
"8475","Veszprémgalsa","VE"
"8476","Zalaszegvár","VE"
"8477","Apácatorna","VE"
"8477","Kisberzseny","VE"
"8477","Tüskevár","VE"
"8478","Somlójenő","VE"
"8479","Borszörcsök","VE"
"8481","Somlóvásárhely","VE"
"8482","Doba","VE"
"8483","Kisszőlős","VE"
"8483","Somlószőlős","VE"
"8484","Nagyalásony","VE"
"8484","Somlóvecse","VE"
"8484","Vid","VE"
"8485","Dabrony","VE"
"8491","Karakószörcsök","VE"
"8492","Kerta","VE"
"8493","Iszkáz","VE"
"8494","Kiscsősz","VE"
"8495","Csögle","VE"
"8496","Kispirit","VE"
"8496","Nagypirit","VE"
"8497","Adorjánháza","VE"
"8497","Egeralja","VE"
"8500","Pápa","VE"
"8511","Pápa-Borsosgyőr","VE"
"8512","Nyárád","VE"
"8513","Mihályháza","VE"
"8514","Mezőlak","VE"
"8515","Békás","VE"
"8516","Kemeneshőgyész","VE"
"8517","Magyargencs","VE"
"8518","Kemenesszentpéter","VE"
"8521","Nagyacsád","VE"
"8522","Nemesgörzsöny","VE"
"8523","Egyházaskesző","VE"
"8523","Várkesző","VE"
"8531","Marcaltő-Ihász","VE"
"8532","Marcaltő","VE"
"8533","Malomsok","VE"
"8541","Takácsi","VE"
"8542","Vaszar","VE"
"8543","Gecse","VE"
"8551","Nagygyimót","VE"
"8552","Vanyola","VE"
"8553","Lovászpatona","VE"
"8554","Nagydém","VE"
"8555","Bakonytamási","VE"
"8556","Pápateszér","VE"
"8557","Bakonyság","VE"
"8557","Bakonyszentiván","VE"
"8558","Csót","VE"
"8561","Adásztevel","VE"
"8562","Nagytevel","VE"
"8563","Homokbödöge","VE"
"8564","Ugod","VE"
"8565","Béb","VE"
"8571","Bakonykoppány","VE"
"8572","Bakonyszücs","VE"
"8581","Bakonyjákó","VE"
"8581","Németbánya","VE"
"8582","Farkasgyepű","VE"
"8591","Nóráp","VE"
"8591","Pápa-Kéttornyúlak","VE"
"8592","Dáka","VE"
"8593","Pápadereske","VE"
"8594","Pápasalamon","VE"
"8595","Kup","VE"
"8596","Pápakovácsi","VE"
"8597","Döbrönte","VE"
"8597","Ganna","VE"
"8598","Pápa-Tapolcafő","VE"
"8600","Siófok","SO"
"8609","Siófok-Balatonszéplak","SO"
"8611","Siófok-Balatonkiliti","SO"
"8612","Nyim","SO"
"8613","Balatonendréd","SO"
"8614","Bálványos","SO"
"8617","Kőröshegy","SO"
"8618","Kereki","SO"
"8619","Pusztaszemes","SO"
"8621","Zamárdi","SO"
"8622","Szántód","SO"
"8623","Balatonföldvár","SO"
"8624","Balatonszárszó","SO"
"8625","Szólád","SO"
"8626","Teleki","SO"
"8627","Kötcse","SO"
"8628","Nagycsepely","SO"
"8630","Balatonboglár","SO"
"8635","Ordacsehi","SO"
"8636","Balatonszemes","SO"
"8637","Balatonőszöd","SO"
"8638","Balatonlelle","SO"
"8640","Fonyód","SO"
"8646","Balatonfenyves","SO"
"8647","Balatonmáriafürdő","SO"
"8648","Balatonkeresztúr","SO"
"8649","Balatonberény","SO"
"8651","Balatonszabadi","SO"
"8652","Siójut","SO"
"8653","Ádánd","SO"
"8654","Ságvár","SO"
"8655","Som","SO"
"8656","Nagyberény","SO"
"8658","Bábonymegyer","SO"
"8660","Lulla","SO"
"8660","Sérsekszőlős","SO"
"8660","Tab","SO"
"8660","Torvaj","SO"
"8660","Zala","SO"
"8666","Bedegkér","SO"
"8666","Somogyegres","SO"
"8667","Kánya","SO"
"8668","Tengőd","SO"
"8669","Miklósi","SO"
"8671","Kapoly","SO"
"8672","Zics","SO"
"8673","Somogymeggyes","SO"
"8674","Nágocs","SO"
"8675","Andocs","SO"
"8676","Karád","SO"
"8681","Látrány","SO"
"8681","Visz","SO"
"8683","Somogytúr","SO"
"8684","Somogybabod","SO"
"8685","Gamás","SO"
"8691","Balatonboglár-Szőlőskislak","SO"
"8692","Gyugy","SO"
"8692","Szőlősgyörök","SO"
"8693","Kisberény","SO"
"8693","Lengyeltóti","SO"
"8694","Hács","SO"
"8695","Buzsák","SO"
"8696","Táska","SO"
"8697","Öreglak","SO"
"8698","Pamuk","SO"
"8698","Somogyvár","SO"
"8699","Somogyvámos","SO"
"8700","Csömend","SO"
"8700","Marcali","SO"
"8705","Somogyszentpál","SO"
"8706","Nikla","SO"
"8707","Libickozma","SO"
"8707","Pusztakovácsi","SO"
"8708","Somogyfajsz","SO"
"8709","Marcali-Horvátkút","SO"
"8710","Balatonszentgyörgy","SO"
"8711","Vörs","SO"
"8712","Balatonújlak","SO"
"8713","Kéthely","SO"
"8714","Kelevíz","SO"
"8714","Marcali-Bize","SO"
"8716","Gadány","SO"
"8716","Hosszúvíz","SO"
"8716","Mesztegnyő","SO"
"8717","Nemeskisfalud","SO"
"8717","Szenyér","SO"
"8718","Tapsony","SO"
"8719","Böhönye","SO"
"8721","Vése","SO"
"8722","Nemesdéd","SO"
"8723","Varászló","SO"
"8724","Inke","SO"
"8725","Iharosberény","SO"
"8726","Iharos","SO"
"8726","Somogycsicsó","SO"
"8728","Pogányszentpéter","SO"
"8731","Hollád","SO"
"8731","Tikos","SO"
"8732","Főnyed","SO"
"8732","Sávoly","SO"
"8732","Szegerdő","SO"
"8733","Somogysámson","SO"
"8734","Somogyzsitfa","SO"
"8735","Csákány","SO"
"8736","Szőkedencs","SO"
"8737","Somogysimonyi","SO"
"8738","Nemesvid","SO"
"8739","Nagyszakácsi","SO"
"8741","Bókaháza","ZA"
"8741","Zalaapáti","ZA"
"8742","Esztergályhorváti","ZA"
"8743","Zalaszabar","ZA"
"8744","Orosztony","ZA"
"8745","Kerecseny","ZA"
"8746","Nagyrada","ZA"
"8747","Garabonc","ZA"
"8747","Zalamerenye","ZA"
"8749","Zalakaros","ZA"
"8751","Zalakomár-Kiskomárom","ZA"
"8752","Zalakomár-Komárváros","ZA"
"8753","Balatonmagyaród","ZA"
"8754","Galambok","ZA"
"8756","Csapi","ZA"
"8756","Kisrécse","ZA"
"8756","Nagyrécse","ZA"
"8756","Zalasárszeg","ZA"
"8761","Pacsa","ZA"
"8761","Zalaigrice","ZA"
"8762","Gétye","ZA"
"8762","Szentpéterúr","ZA"
"8764","Dióskál","ZA"
"8764","Zalaszentmárton","ZA"
"8765","Egeraracsa","ZA"
"8767","Alsórajk","ZA"
"8767","Felsőrajk","ZA"
"8767","Pötréte","ZA"
"8771","Hahót","ZA"
"8772","Börzönce","ZA"
"8772","Zalaszentbalázs","ZA"
"8773","Kacorlak","ZA"
"8773","Pölöskefő","ZA"
"8774","Gelse","ZA"
"8774","Gelsesziget","ZA"
"8774","Kilimán","ZA"
"8776","Bocska","ZA"
"8776","Magyarszentmiklós","ZA"
"8776","Magyarszerdahely","ZA"
"8777","Fűzvölgy","ZA"
"8777","Homokkomárom","ZA"
"8777","Hosszúvölgy","ZA"
"8778","Újudvar","ZA"
"8782","Ligetfalva","ZA"
"8782","Tilaj","ZA"
"8782","Zalacsány","ZA"
"8784","Kehidakustány","ZA"
"8785","Kallósd","ZA"
"8785","Zalaszentgrót-Zalakoppány","ZA"
"8788","Sénye","ZA"
"8788","Zalaszentlászló","ZA"
"8789","Zalaszentgrót-Zalaudvarnok","ZA"
"8790","Zalaszentgrót","ZA"
"8790","Zalaszentgrót-Tekenye","ZA"
"8792","Zalavég","ZA"
"8793","Tekenye","ZA"
"8795","Zalaszentgrót-Csáford","ZA"
"8796","Türje","ZA"
"8797","Batyk","ZA"
"8798","Zalabér","ZA"
"8799","Dötk","ZA"
"8799","Pakod","ZA"
"8800","Nagykanizsa","ZA"
"8808","Nagykanizsa-Palin","ZA"
"8809","Nagykanizsa-Sánc","ZA"
"8821","Nagybakónak","ZA"
"8822","Zalaújlak","ZA"
"8824","Sand","ZA"
"8825","Miháld","ZA"
"8825","Pat","ZA"
"8827","Zalaszentjakab","ZA"
"8831","Liszó","ZA"
"8831","Nagykanizsa-Miklósfa","ZA"
"8834","Murakeresztúr","ZA"
"8835","Fityeház","ZA"
"8840","Csurgó","SO"
"8840","Csurgónagymarton","SO"
"8849","Szenta","SO"
"8851","Gyékényes","SO"
"8852","Zákány","SO"
"8853","Zákányfalu","SO"
"8854","Őrtilos","SO"
"8855","Belezna","ZA"
"8856","Surd","ZA"
"8857","Nemespátró","ZA"
"8858","Porrog","SO"
"8858","Porrogszentkirály","SO"
"8858","Porrogszentpál","SO"
"8858","Somogybükkösd","SO"
"8861","Szepetnek","ZA"
"8862","Semjénháza","ZA"
"8863","Molnári","ZA"
"8864","Tótszerdahely","ZA"
"8865","Tótszentmárton","ZA"
"8866","Becsehely","ZA"
"8866","Petrivente","ZA"
"8868","Kistolmács","ZA"
"8868","Letenye","ZA"
"8868","Murarátka","ZA"
"8868","Zajk","ZA"
"8872","Muraszemenye","ZA"
"8872","Szentmargitfalva","ZA"
"8873","Csörnyeföld","ZA"
"8874","Dobri","ZA"
"8874","Kerkaszentkirály","ZA"
"8876","Tormafölde","ZA"
"8877","Tornyiszentmiklós","ZA"
"8878","Lovászi","ZA"
"8879","Kerkateskánd","ZA"
"8879","Szécsisziget","ZA"
"8881","Sormás","ZA"
"8882","Eszteregnye","ZA"
"8883","Rigyác","ZA"
"8885","Borsfa","ZA"
"8885","Valkonya","ZA"
"8886","Oltárc","ZA"
"8887","Bázakerettye","ZA"
"8887","Lasztonya","ZA"
"8888","Kiscsehi","ZA"
"8888","Lispeszentadorján","ZA"
"8888","Maróc","ZA"
"8891","Bánokszentgyörgy","ZA"
"8891","Várfölde","ZA"
"8893","Bucsuta","ZA"
"8893","Szentliszló","ZA"
"8895","Pusztamagyaród","ZA"
"8896","Pusztaszentlászló","ZA"
"8897","Söjtör","ZA"
"8900","Zalaegerszeg","ZA"
"8904","Zalaegerszeg-Andráshida","ZA"
"8908","Zalaegerszeg-Szanatórium","ZA"
"8911","Kiskutas","ZA"
"8911","Nagykutas","ZA"
"8912","Kispáli","ZA"
"8912","Nagypáli","ZA"
"8913","Egervár","ZA"
"8913","Gősfa","ZA"
"8913","Lakhegy","ZA"
"8914","Vasboldogasszony","ZA"
"8915","Nemesrádó","ZA"
"8917","Milejszeg","ZA"
"8918","Csonkahegyhát","ZA"
"8918","Németfalu","ZA"
"8919","Kustánszeg","ZA"
"8921","Alibánfa","ZA"
"8921","Pethőhenye","ZA"
"8921","Zalaszentiván","ZA"
"8921","Zalaszentlőrinc","ZA"
"8923","Nemesapáti","ZA"
"8924","Alsónemesapáti","ZA"
"8925","Búcsúszentlászló","ZA"
"8925","Kisbucsa","ZA"
"8925","Nemeshetés","ZA"
"8925","Nemessándorháza","ZA"
"8925","Nemesszentandrás","ZA"
"8929","Pölöske","ZA"
"8931","Kemendollár","ZA"
"8931","Vöckönd","ZA"
"8932","Gyűrűs","ZA"
"8932","Pókaszepetk","ZA"
"8932","Zalaistvánd","ZA"
"8934","Bezeréd","ZA"
"8935","Almásháza","ZA"
"8935","Misefa","ZA"
"8935","Nagykapornak","ZA"
"8935","Orbányosfa","ZA"
"8935","Padár","ZA"
"8936","Zalaszentmihály","ZA"
"8943","Bocfölde","ZA"
"8943","Csatár","ZA"
"8944","Sárhida","ZA"
"8945","Bak","ZA"
"8946","Baktüttös","ZA"
"8946","Pusztaederics","ZA"
"8946","Tófej","ZA"
"8947","Szentkozmadombja","ZA"
"8947","Zalatárnok","ZA"
"8948","Barlahida","ZA"
"8948","Nova","ZA"
"8949","Mikekarácsonyfa","ZA"
"8951","Csertalakos","ZA"
"8951","Gutorfölde","ZA"
"8953","Szentpéterfölde","ZA"
"8954","Ortaháza","ZA"
"8956","Kányavár","ZA"
"8956","Páka","ZA"
"8956","Pördefölde","ZA"
"8957","Csömödér","ZA"
"8957","Hernyék","ZA"
"8957","Kissziget","ZA"
"8957","Zebecke","ZA"
"8958","Iklódbördőce","ZA"
"8960","Lenti","ZA"
"8966","Lenti-Lentikápolna","ZA"
"8969","Bödeháza","ZA"
"8969","Gáborjánháza","ZA"
"8969","Szijártóháza","ZA"
"8969","Zalaszombatfa","ZA"
"8971","Kerkabarabás","ZA"
"8971","Zalabaksa","ZA"
"8973","Alsószenterzsébet","ZA"
"8973","Csesztreg","ZA"
"8973","Felsőszenterzsébet","ZA"
"8973","Kerkafalva","ZA"
"8973","Kerkakutas","ZA"
"8973","Magyarföld","ZA"
"8973","Ramocsa","ZA"
"8975","Szentgyörgyvölgy","ZA"
"8976","Márokföld","ZA"
"8976","Nemesnép","ZA"
"8977","Baglad","ZA"
"8977","Lendvajakabfa","ZA"
"8977","Resznek","ZA"
"8978","Belsősárd","ZA"
"8978","Gosztola","ZA"
"8978","Külsősárd","ZA"
"8978","Lendvadedes","ZA"
"8978","Rédics","ZA"
"8981","Gellénháza","ZA"
"8981","Lickóvadamos","ZA"
"8983","Babosdöbréte","ZA"
"8983","Nagylengyel","ZA"
"8983","Ormándlak","ZA"
"8984","Gombosszeg","ZA"
"8984","Iborfia","ZA"
"8984","Petrikeresztúr","ZA"
"8985","Becsvölgye","ZA"
"8986","Pórszombat","ZA"
"8986","Pusztaapáti","ZA"
"8986","Szilvágy","ZA"
"8988","Kálócfa","ZA"
"8988","Kozmadombja","ZA"
"8989","Dobronhegy","ZA"
"8990","Pálfiszeg","ZA"
"8991","Böde","ZA"
"8991","Hottó","ZA"
"8991","Teskánd","ZA"
"8992","Bagod","ZA"
"8992","Boncodfölde","ZA"
"8992","Hagyárosbörönd","ZA"
"8992","Zalaboldogfa","ZA"
"8994","Kávás","ZA"
"8994","Zalaszentgyörgy","ZA"
"8995","Keménfa","ZA"
"8995","Salomvár","ZA"
"8996","Zalacséb","ZA"
"8997","Zalaháshágy","ZA"
"8998","Ozmánbük","ZA"
"8998","Vaspör","ZA"
"8999","Csöde","ZA"
"8999","Zalalövő","ZA"
"9000","Győr","GYMS"
"9010","Győr-Bácsa","GYMS"
"9011","Győr-Győrszentiván","GYMS"
"9012","Győr-Ménfőcsanak","GYMS"
"9019","Győr-Gyirmót","GYMS"
"9061","Vámosszabadi","GYMS"
"9062","Kisbajcs","GYMS"
"9062","Vének","GYMS"
"9063","Nagybajcs","GYMS"
"9071","Gönyű","GYMS"
"9072","Nagyszentjános","GYMS"
"9073","Bőny","GYMS"
"9074","Rétalap","GYMS"
"9081","Győrújbarát","GYMS"
"9082","Nyúl","GYMS"
"9083","Écs","GYMS"
"9084","Győrság","GYMS"
"9085","Pázmándfalu","GYMS"
"9086","Töltéstava","GYMS"
"9088","Bakonypéterd","VE"
"9089","Lázi","VE"
"9090","Pannonhalma","GYMS"
"9091","Ravazd","GYMS"
"9092","Tarjánpuszta","GYMS"
"9093","Győrasszonyfa","GYMS"
"9094","Tápszentmiklós","GYMS"
"9095","Táp","GYMS"
"9096","Nyalka","GYMS"
"9097","Mezőörs","GYMS"
"9098","Mezőörs-Mindszentpuszta","GYMS"
"9099","Pér","GYMS"
"9100","Tét","GYMS"
"9111","Tényő","GYMS"
"9112","Sokorópátka","GYMS"
"9113","Koroncó","GYMS"
"9121","Győrszemere","GYMS"
"9122","Felpéc","GYMS"
"9123","Kajárpéc","GYMS"
"9124","Gyömöre","GYMS"
"9125","Szerecseny","GYMS"
"9126","Gyarmat","GYMS"
"9127","Csikvánd","GYMS"
"9131","Mórichida","GYMS"
"9132","Árpás","GYMS"
"9133","Kisbabot","GYMS"
"9133","Rábaszentmiklós","GYMS"
"9134","Bodonhely","GYMS"
"9135","Rábaszentmihály","GYMS"
"9136","Mérges","GYMS"
"9136","Rábacsécsény","GYMS"
"9141","Ikrény","GYMS"
"9142","Rábapatona","GYMS"
"9143","Enese","GYMS"
"9144","Kóny","GYMS"
"9145","Bágyogszovát","GYMS"
"9146","Rábapordány","GYMS"
"9147","Dör","GYMS"
"9151","Abda","GYMS"
"9152","Börcs","GYMS"
"9153","Öttevény","GYMS"
"9154","Mosonszentmiklós","GYMS"
"9155","Lébény","GYMS"
"9161","Győrsövényház","GYMS"
"9162","Bezi","GYMS"
"9163","Fehértó","GYMS"
"9164","Markotabödöge","GYMS"
"9165","Cakóháza","GYMS"
"9165","Rábcakapi","GYMS"
"9165","Tárnokréti","GYMS"
"9167","Bősárkány","GYMS"
"9168","Acsalag","GYMS"
"9169","Barbacs","GYMS"
"9169","Maglóca","GYMS"
"9171","Győrújfalu","GYMS"
"9172","Győrzámoly","GYMS"
"9173","Győrladamér","GYMS"
"9174","Dunaszeg","GYMS"
"9175","Dunaszentpál","GYMS"
"9176","Mecsér","GYMS"
"9177","Ásványráró","GYMS"
"9178","Hédervár","GYMS"
"9181","Kimle","GYMS"
"9182","Károlyháza","GYMS"
"9183","Mosonszentmiklós-Mosonújhely","GYMS"
"9184","Kunsziget","GYMS"
"9200","Mosonmagyaróvár","GYMS"
"9211","Feketeerdő","GYMS"
"9221","Levél","GYMS"
"9222","Hegyeshalom","GYMS"
"9223","Bezenye","GYMS"
"9224","Rajka","GYMS"
"9225","Dunakiliti","GYMS"
"9226","Dunasziget","GYMS"
"9228","Halászi","GYMS"
"9231","Máriakálnok","GYMS"
"9232","Darnózseli","GYMS"
"9233","Lipót","GYMS"
"9234","Kisbodak","GYMS"
"9235","Dunaremete","GYMS"
"9235","Püski","GYMS"
"9241","Jánossomorja-Mosonszentjános","GYMS"
"9242","Jánossomorja-Pusztasomorja","GYMS"
"9243","Várbalog","GYMS"
"9244","Újrónafő","GYMS"
"9245","Mosonszolnok","GYMS"
"9246","Mosonudvar","GYMS"
"9300","Csorna","GYMS"
"9311","Pásztori","GYMS"
"9312","Szilsárkány","GYMS"
"9313","Rábacsanak","GYMS"
"9314","Egyed","GYMS"
"9315","Sobor","GYMS"
"9316","Rábaszentandrás","GYMS"
"9317","Szany","GYMS"
"9321","Farád","GYMS"
"9322","Rábatamási","GYMS"
"9323","Jobaháza","GYMS"
"9324","Bogyoszló","GYMS"
"9324","Potyond","GYMS"
"9325","Sopronnémeti","GYMS"
"9326","Szil","GYMS"
"9327","Rábasebes","GYMS"
"9327","Vág","GYMS"
"9330","Kapuvár","GYMS"
"9339","Kapuvár-Öntésmajor","GYMS"
"9341","Kisfalud","GYMS"
"9342","Mihályi","GYMS"
"9343","Beled","GYMS"
"9343","Edve","GYMS"
"9343","Vásárosfalu","GYMS"
"9344","Rábakecöl","GYMS"
"9345","Páli","GYMS"
"9346","Magyarkeresztúr","GYMS"
"9346","Vadosfa","GYMS"
"9346","Zsebeháza","GYMS"
"9351","Babót","GYMS"
"9352","Veszkény","GYMS"
"9353","Szárföld","GYMS"
"9354","Osli","GYMS"
"9361","Hövej","GYMS"
"9362","Himod","GYMS"
"9363","Gyóró","GYMS"
"9364","Cirák","GYMS"
"9365","Dénesfa","GYMS"
"9371","Vitnyéd","GYMS"
"9372","Csapod","GYMS"
"9373","Pusztacsalád","GYMS"
"9374","Iván","GYMS"
"9375","Csáfordjánosfa","GYMS"
"9375","Csér","GYMS"
"9375","Répceszemere","GYMS"
"9400","Sopron","GYMS"
"9407","Sopron-Sopronkőhida","GYMS"
"9408","Sopron-Brennbergbánya","GYMS"
"9421","Fertőrákos","GYMS"
"9422","Harka","GYMS"
"9423","Ágfalva","GYMS"
"9431","Fertőd","GYMS"
"9433","Fertőd-Tőzeggyármajor","GYMS"
"9434","Sarród-Fertőújlak","GYMS"
"9435","Sarród","GYMS"
"9436","Fertőszéplak","GYMS"
"9437","Hegykő","GYMS"
"9438","Sarród-Nyárliget","GYMS"
"9441","Agyagosszergény","GYMS"
"9442","Fertőendréd","GYMS"
"9443","Petőháza","GYMS"
"9444","Fertőszentmiklós","GYMS"
"9451","Ebergőc","GYMS"
"9451","Röjtökmuzsaj","GYMS"
"9461","Lövő","GYMS"
"9462","Völcsej","GYMS"
"9463","Sopronhorpács","GYMS"
"9464","Und","GYMS"
"9471","Nemeskér","GYMS"
"9472","Újkér","GYMS"
"9473","Egyházasfalu","GYMS"
"9474","Gyalóka","GYMS"
"9474","Szakony","GYMS"
"9475","Répcevis","GYMS"
"9476","Zsira","GYMS"
"9481","Pinnye","GYMS"
"9482","Nagylózs","GYMS"
"9483","Sopronkövesd","GYMS"
"9484","Pereszteg","GYMS"
"9485","Nagycenk","GYMS"
"9491","Hidegség","GYMS"
"9492","Fertőhomok","GYMS"
"9493","Fertőboz","GYMS"
"9494","Sopron-Balf","GYMS"
"9495","Kópháza","GYMS"
"9500","Celldömölk","VAS"
"9511","Kemenesmihályfa","VAS"
"9512","Ostffyasszonyfa","VAS"
"9513","Csönge","VAS"
"9514","Kenyeri","VAS"
"9515","Pápoc","VAS"
"9516","Vönöck","VAS"
"9517","Kemenessömjén","VAS"
"9521","Kemenesszentmárton","VAS"
"9522","Kemenesmagasi","VAS"
"9523","Szergény","VAS"
"9531","Mersevát","VAS"
"9532","Külsővat","VE"
"9533","Nemesszalók","VE"
"9534","Marcalgergelyi","VE"
"9534","Vinár","VE"
"9541","Celldömölk-Izsákfa","VAS"
"9542","Boba","VAS"
"9542","Nemeskocs","VAS"
"9544","Kemenespálfa","VAS"
"9545","Jánosháza","VAS"
"9547","Karakó","VAS"
"9548","Nemeskeresztúr","VAS"
"9549","Keléd","VAS"
"9551","Mesteri","VAS"
"9552","Vásárosmiske","VAS"
"9553","Kemeneskápolna","VAS"
"9553","Köcsk","VAS"
"9554","Borgáta","VAS"
"9554","Egyházashetye","VAS"
"9555","Kissomlyó","VAS"
"9556","Duka","VAS"
"9561","Nagysimonyi","VAS"
"9561","Tokorcs","VAS"
"9600","Sárvár","VAS"
"9608","Sárvár-Rábasömjén","VAS"
"9609","Sárvár-Lánkapuszta","VAS"
"9611","Csénye","VAS"
"9612","Bögöt","VAS"
"9612","Porpác","VAS"
"9621","Ölbő","VAS"
"9622","Szeleste","VAS"
"9623","Répceszentgyörgy","VAS"
"9624","Chernelházadamonya","VAS"
"9625","Bő","VAS"
"9625","Gór","VAS"
"9631","Hegyfalu","VAS"
"9632","Sajtoskál","VAS"
"9633","Simaság","VAS"
"9634","Iklanberény","VAS"
"9634","Lócs","VAS"
"9635","Zsédeny","VAS"
"9636","Pósfa","VAS"
"9641","Rábapaty","VAS"
"9643","Jákfa","VAS"
"9651","Uraiújfalu","VAS"
"9652","Nick","VAS"
"9653","Répcelak","VAS"
"9654","Csánig","VAS"
"9661","Vasegerszeg","VAS"
"9662","Mesterháza","VAS"
"9662","Tompaládony","VAS"
"9663","Nemesládony","VAS"
"9664","Nagygeresd","VAS"
"9665","Vámoscsalád","VAS"
"9671","Sitke","VAS"
"9672","Gérce","VAS"
"9673","Káld","VAS"
"9674","Vashosszúfalu","VAS"
"9675","Bögöte","VAS"
"9676","Hosszúpereszteg","VAS"
"9681","Sótony","VAS"
"9682","Nyőgér","VAS"
"9683","Bejcgyertyános","VAS"
"9684","Egervölgy","VAS"
"9685","Szemenye","VAS"
"9700","Szombathely","VAS"
"9707","Szombathely-Herény","VAS"
"9719","Szombathely-Szentkirály","VAS"
"9721","Gencsapáti","VAS"
"9722","Perenye","VAS"
"9723","Gyöngyösfalu","VAS"
"9724","Lukácsháza","VAS"
"9725","Cák","VAS"
"9725","Kőszegdoroszló","VAS"
"9725","Kőszegszerdahely","VAS"
"9726","Velem","VAS"
"9727","Bozsok","VAS"
"9730","Kőszeg","VAS"
"9733","Horvátzsidány","VAS"
"9733","Kiszsidány","VAS"
"9733","Ólmod","VAS"
"9734","Peresznye","VAS"
"9735","Csepreg","VAS"
"9736","Tormásliget","VAS"
"9737","Bük","VAS"
"9738","Tömörd","VAS"
"9739","Kőszegpaty","VAS"
"9739","Nemescsó","VAS"
"9739","Pusztacsó","VAS"
"9740","Bük-Bükfürdő","VAS"
"9741","Vassurány","VAS"
"9742","Salköveskút","VAS"
"9743","Söpte","VAS"
"9744","Vasasszonyfa","VAS"
"9745","Meszlen","VAS"
"9746","Acsád","VAS"
"9747","Vasszilvágy","VAS"
"9748","Vát","VAS"
"9749","Nemesbőd","VAS"
"9751","Vép","VAS"
"9752","Bozzai","VAS"
"9752","Kenéz","VAS"
"9754","Megyehíd","VAS"
"9754","Pecöl","VAS"
"9756","Ikervár","VAS"
"9757","Meggyeskovácsi","VAS"
"9761","Táplánszentkereszt","VAS"
"9762","Tanakajd","VAS"
"9763","Vasszécseny","VAS"
"9764","Csempeszkopács","VAS"
"9766","Rábatöttös","VAS"
"9766","Rum","VAS"
"9766","Zsennye","VAS"
"9771","Balogunyom","VAS"
"9772","Kisunyom","VAS"
"9773","Sorokpolány","VAS"
"9774","Gyanógeregye","VAS"
"9774","Sorkifalud","VAS"
"9774","Sorkikápolna","VAS"
"9775","Nemeskolta","VAS"
"9776","Püspökmolnári","VAS"
"9777","Rábahídvég","VAS"
"9781","Egyházashollós","VAS"
"9782","Nemesrempehollós","VAS"
"9783","Egyházasrádóc","VAS"
"9784","Harasztifalu","VAS"
"9784","Nagykölked","VAS"
"9784","Rádóckölked","VAS"
"9789","Sé","VAS"
"9791","Dozmat","VAS"
"9791","Torony","VAS"
"9792","Bucsu","VAS"
"9793","Narda","VAS"
"9794","Felsőcsatár","VAS"
"9795","Vaskeresztes","VAS"
"9796","Horvátlövő","VAS"
"9796","Pornóapáti","VAS"
"9797","Nárai","VAS"
"9798","Ják","VAS"
"9799","Szentpéterfa","VAS"
"9800","Vasvár","VAS"
"9811","Andrásfa","VAS"
"9812","Telekes","VAS"
"9813","Gersekarát","VAS"
"9813","Sárfimizdó","VAS"
"9814","Halastó","VAS"
"9821","Győrvár","VAS"
"9821","Hegyhátszentpéter","VAS"
"9823","Pácsony","VAS"
"9824","Olaszfa","VAS"
"9825","Oszkó","VAS"
"9826","Petőmihályfa","VAS"
"9831","Bérbaltavár","VAS"
"9832","Nagytilaj","VAS"
"9833","Csehi","VAS"
"9834","Csehimindszent","VAS"
"9835","Mikosszéplak","VAS"
"9836","Csipkerek","VAS"
"9841","Kám","VAS"
"9842","Alsóújlak","VAS"
"9900","Körmend","VAS"
"9909","Körmend-Horvátnádalja","VAS"
"9909","Magyarnádalja","VAS"
"9912","Magyarszecsőd","VAS"
"9912","Molnaszecsőd","VAS"
"9913","Döröske","VAS"
"9913","Nagymizdó","VAS"
"9913","Szarvaskend","VAS"
"9914","Döbörhegy","VAS"
"9915","Hegyháthodász","VAS"
"9915","Hegyhátsál","VAS"
"9915","Katafa","VAS"
"9915","Nádasd","VAS"
"9917","Daraboshegy","VAS"
"9917","Halogy","VAS"
"9918","Felsőmarác","VAS"
"9919","Csákánydoroszló","VAS"
"9921","Vasalja","VAS"
"9922","Pinkamindszent","VAS"
"9923","Kemestaródfa","VAS"
"9931","Hegyhátszentmárton","VAS"
"9931","Ivánc","VAS"
"9932","Viszák","VAS"
"9933","Őrimagyarósd","VAS"
"9934","Felsőjánosfa","VAS"
"9934","Hegyhátszentjakab","VAS"
"9934","Szaknyér","VAS"
"9935","Szőce","VAS"
"9936","Kisrákos","VAS"
"9937","Pankasz","VAS"
"9938","Nagyrákos","VAS"
"9938","Szatta","VAS"
"9941","Ispánk","VAS"
"9941","Őriszentpéter","VAS"
"9942","Szalafő","VAS"
"9943","Kondorfa","VAS"
"9944","Bajánsenye","VAS"
"9944","Kerkáskápolna","VAS"
"9945","Kercaszomor","VAS"
"9946","Magyarszombatfa","VAS"
"9946","Velemér","VAS"
"9951","Rátót","VAS"
"9952","Gasztony","VAS"
"9953","Nemesmedves","VAS"
"9953","Vasszentmihály","VAS"
"9954","Rönök","VAS"
"9955","Szentgotthárd-Rábafüzes","VAS"
"9961","Rábagyarmat","VAS"
"9962","Csörötnek","VAS"
"9962","Magyarlak","VAS"
"9970","Szentgotthárd","VAS"
"9981","Szentgotthárd-Farkasfa","VAS"
"9982","Apátistvánfalva","VAS"
"9982","Kétvölgy","VAS"
"9982","Orfalu","VAS"
"9983","Alsószölnök","VAS"
"9983","Szakonyfalu","VAS"
"9985","Felsőszölnök","VAS"
