"code";"label"
"ArtMicro";"Art/Music Library"
"ArtFolio";"Art/Music Library"
"ArtMuscRef";"Art/Music Library"
"ArtMusicRR";"Art/Music Library"
"ArtStack";"Art/Music Library"
"ArtMuscOS";"Art/Music Library"
"ArtResDsk";"Art/Music Library"
"ArtRes";"Art/Music Library"
"ArtRefCD";"Art/Music Library"
"ArtWrkRoom";"Art/Music Library"
"ArtRef";"Art/Music Library"
"ArtCage";"Art/Music Library"
"ArtCircDsk";"Art/Music Library"
"ArtCirProc";"Art/Music Library"
"ArtPer";"Art/Music Library"
"BibbyOpJnl";"Bibby Library"
"BibbyBks";"Bibby Library"
"BibbyCirc";"Bibby Library"
"BibbyClJnl";"Bibby Library"
"BibbyClRes";"Bibby Library"
"BibbySer";"Bibby Library"
"BibbyNewBk";"Bibby Library"
"BibbyOpRes";"Bibby Library"
"BibbyRare";"Bibby Library"
"BibbyRef";"Bibby Library"
"BibbyRes";"Bibby Library"
"BibbyThes";"Bibby Library"
"BGILcd";"Business and Government Information Library"
"BGILCirc";"Business and Government Information Library"
"BGIL";"Business and Government Information Library"
"BGILfed";"Business and Government Information Library"
"BGILguide";"Business and Government Information Library"
"BGILnys";"Business and Government Information Library"
"BGILover";"Business and Government Information Library"
"CarlNewBk";"Carlson Library"
"CarlBrows";"Carlson Library"
"CarlDiss";"Carlson Library"
"Carl Text";"Carlson Library"
"CarlOff";"Carlson Library"
"CarlRes";"Carlson Library"
"CarlRdRef";"Carlson Library"
"CarlRef";"Carlson Library"
"CarlOsize";"Carlson Library"
"CarlMapCs";"Carlson Library"
"CarlPer";"Carlson Library"
"CarlTecRp";"Carlson Library"
"CarlCmpct";"Carlson Library"
"CarlStack";"Carlson Library"
"CarlCirPro";"Carlson Library"
"CarlCirc";"Carlson Library"
"CarlAtlas";"Carlson Library"
"CarlCDCase";"Carlson Library"
"SibMusEdNC";"Eastman School of Music Libraries"
"ESMCurPl";"Eastman School of Music Libraries"
"SibStorWdn";"Eastman School of Music Libraries"
"SibStream";"Eastman School of Music Libraries"
"SibBindGnl";"Eastman School of Music Libraries"
"SibMicMast";"Eastman School of Music Libraries"
"SibMicAcq";"Eastman School of Music Libraries"
"SibParts";"Eastman School of Music Libraries"
"SibMusEdC";"Eastman School of Music Libraries"
"ESMEnsembl";"Eastman School of Music Libraries"
"ESMRecArts";"Eastman School of Music Libraries"
"SibAcq";"Eastman School of Music Libraries"
"SibBarcode";"Eastman School of Music Libraries"
"SibBindery";"Eastman School of Music Libraries"
"SibNewMat";"Eastman School of Music Libraries"
"SibBindSp";"Eastman School of Music Libraries"
"SibBJrnl";"Eastman School of Music Libraries"
"SibBrittle";"Eastman School of Music Libraries"
"SibCat";"Eastman School of Music Libraries"
"SibCatFol";"Eastman School of Music Libraries"
"SibReview";"Eastman School of Music Libraries"
"SibOctavo";"Eastman School of Music Libraries"
"SibCircDsk";"Eastman School of Music Libraries"
"SibFolio";"Eastman School of Music Libraries"
"SibMinScor";"Eastman School of Music Libraries"
"SibCollWks";"Eastman School of Music Libraries"
"SibConserv";"Eastman School of Music Libraries"
"SibCurPer";"Eastman School of Music Libraries"
"SibDiscard";"Eastman School of Music Libraries"
"SibErasing";"Eastman School of Music Libraries"
"SibESMArch";"Eastman School of Music Libraries"
"SibHeckman";"Eastman School of Music Libraries"
"SibILL";"Eastman School of Music Libraries"
"SibLocCode";"Eastman School of Music Libraries"
"SibMicro";"Eastman School of Music Libraries"
"SibRefMisc";"Eastman School of Music Libraries"
"SibNewBook";"Eastman School of Music Libraries"
"SibQckRef";"Eastman School of Music Libraries"
"SibRare";"Eastman School of Music Libraries"
"SibRareRef";"Eastman School of Music Libraries"
"SibRareFol";"Eastman School of Music Libraries"
"SibRecrd";"Eastman School of Music Libraries"
"SibRef";"Eastman School of Music Libraries"
"SibReform";"Eastman School of Music Libraries"
"SibReplace";"Eastman School of Music Libraries"
"SibReserve";"Eastman School of Music Libraries"
"SibResDesk";"Eastman School of Music Libraries"
"SibRstrctd";"Eastman School of Music Libraries"
"SibFolioRC";"Eastman School of Music Libraries"
"SibMinScRC";"Eastman School of Music Libraries"
"SibScoThes";"Eastman School of Music Libraries"
"SibSer";"Eastman School of Music Libraries"
"SibStack";"Eastman School of Music Libraries"
"SibStaffRm";"Eastman School of Music Libraries"
"SibUnclFol";"Eastman School of Music Libraries"
"SibStorage";"Eastman School of Music Libraries"
"SibStorFol";"Eastman School of Music Libraries"
"SibUnclSto";"Eastman School of Music Libraries"
"SibRemSto";"Eastman School of Music Libraries"
"GEHMainStk";"George Eastman House Library"
"GEHOffSite";"George Eastman House Library"
"GEHRarePer";"George Eastman House Library"
"GEHFilmRef";"George Eastman House Library"
"GEHMSS";"George Eastman House Library"
"GEHMicro";"George Eastman House Library"
"GEHPer";"George Eastman House Library"
"GEHRef";"George Eastman House Library"
"GEHCat";"George Eastman House Library"
"GEHMainOS";"George Eastman House Library"
"GEHMedia";"George Eastman House Library"
"GEHPerOS";"George Eastman House Library"
"GEHRareOS";"George Eastman House Library"
"GEHRareOSP";"George Eastman House Library"
"GEHConserv";"George Eastman House Library"
"GEHRareBks";"George Eastman House Library"
"MinPrince";"Healthy Living Library at Prince Street"
"HighConHea";"Highland Hospital Library"
"HighSer";"Highland Hospital Library"
"HighAcq";"Highland Hospital Library"
"HighBooks";"Highland Hospital Library"
"HighLibn";"Highland Hospital Library"
"HighRef";"Highland Hospital Library"
"NetLibrary";"Internet"
"Internet";"Internet"
"DivINet";"Internet"
"SibNet";"Internet"
"MinerNet";"Internet"
"LLECirc";"LLE"
"LLE Off";"LLE"
"LLE Ref";"LLE"
"LLECirProc";"LLE"
"LLE Stack";"LLE"
"LLE Per";"LLE"
"LLE Soft";"LLE"
"MinReserve";"Medical Center Libraries"
"MinerHShoe";"Medical Center Libraries"
"MinerSoft";"Medical Center Libraries"
"BibbyBks";"Medical Center Libraries"
"BibbySer";"Medical Center Libraries"
"BibbyRes";"Medical Center Libraries"
"MinReview";"Medical Center Libraries"
"MinerLrnCn";"Medical Center Libraries"
"MinerAcq";"Medical Center Libraries"
"MinerAdmOf";"Medical Center Libraries"
"MinerStack";"Medical Center Libraries"
"MinerCat";"Medical Center Libraries"
"MinerCirc";"Medical Center Libraries"
"MinerClos";"Medical Center Libraries"
"MinerComp";"Medical Center Libraries"
"MinerDigit";"Medical Center Libraries"
"BibbyRare";"Medical Center Libraries"
"BibbyRef";"Medical Center Libraries"
"BibbyThes";"Medical Center Libraries"
"BibbyNewBk";"Medical Center Libraries"
"BibbyCirc";"Medical Center Libraries"
"BibbyClJnl";"Medical Center Libraries"
"BibbyClRes";"Medical Center Libraries"
"BibbyOpJnl";"Medical Center Libraries"
"BibbyOpRes";"Medical Center Libraries"
"CancerCtr";"Medical Center Libraries"
"Miner ERes";"Medical Center Libraries"
"HighConHea";"Medical Center Libraries"
"HighAcq";"Medical Center Libraries"
"HighSer";"Medical Center Libraries"
"HighBooks";"Medical Center Libraries"
"HighLibn";"Medical Center Libraries"
"HighRef";"Medical Center Libraries"
"MinerSeria";"Medical Center Libraries"
"MinOffsite";"Medical Center Libraries"
"MinerEd";"Medical Center Libraries"
"MinerGovDc";"Medical Center Libraries"
"MinerHstRf";"Medical Center Libraries"
"MinerHist";"Medical Center Libraries"
"MinerNet";"Medical Center Libraries"
"MinerILL";"Medical Center Libraries"
"MinerSer";"Medical Center Libraries"
"MinerSer2";"Medical Center Libraries"
"MinerLrnCt";"Medical Center Libraries"
"MinerMicro";"Medical Center Libraries"
"MinerNewBk";"Medical Center Libraries"
"MinerRes";"Medical Center Libraries"
"MinerFolio";"Medical Center Libraries"
"MinerRSer";"Medical Center Libraries"
"MinerRare";"Medical Center Libraries"
"MinerRdRm";"Medical Center Libraries"
"MinerRef1";"Medical Center Libraries"
"MinerRef10";"Medical Center Libraries"
"MinerRef11";"Medical Center Libraries"
"MinerRef12";"Medical Center Libraries"
"MinerRef13";"Medical Center Libraries"
"MinerRef14";"Medical Center Libraries"
"MinerRef15";"Medical Center Libraries"
"MinerRef16";"Medical Center Libraries"
"MinerRef17";"Medical Center Libraries"
"MinerRef18";"Medical Center Libraries"
"MinerRef19";"Medical Center Libraries"
"MinerRef2";"Medical Center Libraries"
"MinerRef20";"Medical Center Libraries"
"MinerRef21";"Medical Center Libraries"
"MinerRef3";"Medical Center Libraries"
"MinerRef4";"Medical Center Libraries"
"MinerRef5";"Medical Center Libraries"
"MinerRef6";"Medical Center Libraries"
"MinerRef7";"Medical Center Libraries"
"MinerRf7.5";"Medical Center Libraries"
"MinerRef8";"Medical Center Libraries"
"MinerRef9";"Medical Center Libraries"
"MinerRefBr";"Medical Center Libraries"
"MinerRefOf";"Medical Center Libraries"
"MinerStor";"Medical Center Libraries"
"MinerSTS";"Medical Center Libraries"
"MinerTh1";"Medical Center Libraries"
"MinerTh2";"Medical Center Libraries"
"MinerWebSr";"Medical Center Libraries"
"MAGOsize";"Memorial Art Gallery"
"MAGacq";"Memorial Art Gallery"
"MAGJuv";"Memorial Art Gallery"
"MAGStack";"Memorial Art Gallery"
"MAGArchv";"Memorial Art Gallery"
"MAGAuctn";"Memorial Art Gallery"
"MAGCage";"Memorial Art Gallery"
"MAGCirc";"Memorial Art Gallery"
"MAGFolio";"Memorial Art Gallery"
"MAGIndex";"Memorial Art Gallery"
"MAGMulti";"Memorial Art Gallery"
"MAGMus";"Memorial Art Gallery"
"MAGRes";"Memorial Art Gallery"
"MAGRef";"Memorial Art Gallery"
"MAGOffice";"Memorial Art Gallery"
"MAGPer";"Memorial Art Gallery"
"MinerRef20";"Miner Library"
"MinerHShoe";"Miner Library"
"MinerSoft";"Miner Library"
"Miner ERes";"Miner Library"
"MinerSeria";"Miner Library"
"MinOffsite";"Miner Library"
"MinerClos";"Miner Library"
"MinerComp";"Miner Library"
"MinerDigit";"Miner Library"
"MinerEd";"Miner Library"
"MinerGovDc";"Miner Library"
"MinerHstRf";"Miner Library"
"MinerHist";"Miner Library"
"MinerNet";"Miner Library"
"MinerILL";"Miner Library"
"MinerSer";"Miner Library"
"MinerSer2";"Miner Library"
"MinerLrnCt";"Miner Library"
"MinerMicro";"Miner Library"
"MinerNewBk";"Miner Library"
"MinerRes";"Miner Library"
"MinerFolio";"Miner Library"
"MinerRSer";"Miner Library"
"MinerRare";"Miner Library"
"MinerRdRm";"Miner Library"
"MinerRef1";"Miner Library"
"MinerRef10";"Miner Library"
"MinerRef11";"Miner Library"
"MinerRef12";"Miner Library"
"MinerRef13";"Miner Library"
"MinerRef14";"Miner Library"
"MinerRef15";"Miner Library"
"MinerRef16";"Miner Library"
"MinerRef17";"Miner Library"
"MinerRef18";"Miner Library"
"MinerRef19";"Miner Library"
"MinerRef2";"Miner Library"
"MinerRef20";"Miner Library"
"MinerRef21";"Miner Library"
"MinerRef3";"Miner Library"
"MinerRef4";"Miner Library"
"MinerRef5";"Miner Library"
"MinerRef6";"Miner Library"
"MinerRef7";"Miner Library"
"MinerRf7.5";"Miner Library"
"MinerRef8";"Miner Library"
"MinerRef9";"Miner Library"
"MinerRefBr";"Miner Library"
"MinerRefOf";"Miner Library"
"MinerStor";"Miner Library"
"MinerSTS";"Miner Library"
"MinerTh1";"Miner Library"
"MinerTh2";"Miner Library"
"MinerWebSr";"Miner Library"
"MinReserve";"Miner Library"
"MinReview";"Miner Library"
"MinerLrnCn";"Miner Library"
"MinerAcq";"Miner Library"
"MinerAdmOf";"Miner Library"
"MinerStack";"Miner Library"
"MinerCat";"Miner Library"
"MinerCirc";"Miner Library"
"MinerHist";"Miner Library History of Medicine"
"MinerRSer";"Miner Library History of Medicine"
"MinerHstRf";"Miner Library History of Medicine"
"MinerRare";"Miner Library History of Medicine"
"MinerRef16";"Miner Library Reference"
"MinerRef17";"Miner Library Reference"
"MinerRef18";"Miner Library Reference"
"MinerRef19";"Miner Library Reference"
"MinerRef20";"Miner Library Reference"
"MinerRef21";"Miner Library Reference"
"MinerRef3";"Miner Library Reference"
"MinerRef4";"Miner Library Reference"
"MinerRef5";"Miner Library Reference"
"MinerRef6";"Miner Library Reference"
"MinerRef7";"Miner Library Reference"
"MinerRf7.5";"Miner Library Reference"
"MinerRef8";"Miner Library Reference"
"MinerRef9";"Miner Library Reference"
"MinerRef15";"Miner Library Reference"
"MinerRef14";"Miner Library Reference"
"MinerRef13";"Miner Library Reference"
"MinerRef12";"Miner Library Reference"
"MinerRef11";"Miner Library Reference"
"MinerRef10";"Miner Library Reference"
"MinerRef2";"Miner Library Reference"
"MinerRef1";"Miner Library Reference"
"MinerRes";"Miner Library Reserve"
"MinerClos";"Miner Library Reserve"
"MMCSpecial";"Multimedia Center"
"MMCG122s";"Multimedia Center"
"MMCG113";"Multimedia Center"
"MMCG122";"Multimedia Center"
"MMCG122B";"Multimedia Center"
"MMCG122C";"Multimedia Center"
"MMCG122E";"Multimedia Center"
"MMCG122F";"Multimedia Center"
"MMCSplOver";"Multimedia Center"
"MMCStkOver";"Multimedia Center"
"SibNet";"Multimedia Center"
"DivINet";"Multimedia Center"
"MMC Browse";"Multimedia Center"
"MMCCirDsk";"Multimedia Center"
"MMCCirProc";"Multimedia Center"
"MMC Ser";"Multimedia Center"
"MMC Ref";"Multimedia Center"
"MMC Res";"Multimedia Center"
"MMCResDsk";"Multimedia Center"
"MMCStack";"Multimedia Center"
"MMCStfOff";"Multimedia Center"
"MMCRead";"Multimedia Center"
"BGILguide";"Newspaper and Microform Center"
"NewsNewspr";"Newspaper and Microform Center"
"NewsMicro";"Newspaper and Microform Center"
"NewsSuDoc";"Newspaper and Microform Center"
"POA Over";"POA Library"
"POA Index";"POA Library"
"POA Per";"POA Library"
"POAPer";"POA Library"
"POA CDCase";"POA Library"
"POA Stor";"POA Library"
"POA Ref";"POA Library"
"POA Res";"POA Library"
"POA Soft";"POA Library"
"POA Off";"POA Library"
"POA ChtCas";"POA Library"
"POA ChtRm";"POA Library"
"POACirc";"POA Library"
"POACirProc";"POA Library"
"POA Stack";"POA Library"
"POA HisOp";"POA Library"
"RBManuscrp";"River Campus Libraries"
"RheesMap";"River Campus Libraries"
"RheesRefOf";"River Campus Libraries"
"DivMflm";"River Campus Libraries"
"DivMfche";"River Campus Libraries"
"BGIL";"River Campus Libraries"
"BGILcd";"River Campus Libraries"
"BGILCirc";"River Campus Libraries"
"BGILfed";"River Campus Libraries"
"BGILnys";"River Campus Libraries"
"BGILover";"River Campus Libraries"
"BGILguide";"River Campus Libraries"
"NewsMicro";"River Campus Libraries"
"NewsNewspr";"River Campus Libraries"
"NewsSuDoc";"River Campus Libraries"
"Robbins";"River Campus Libraries"
"Borst";"River Campus Libraries"
"RheesCirc";"River Campus Libraries"
"ArtMuscOS";"River Campus Libraries"
"ArtRef";"River Campus Libraries"
"Gandhi";"River Campus Libraries"
"MMCSpecial";"River Campus Libraries"
"MMCSplOver";"River Campus Libraries"
"MMCStkOver";"River Campus Libraries"
"Docx4AnnX";"River Campus Libraries"
"Docs4Stax";"River Campus Libraries"
"RheesBrows";"River Campus Libraries"
"RheesMonAq";"River Campus Libraries"
"RheesRLHM";"River Campus Libraries"
"RBKodak";"River Campus Libraries"
"RBKodakHis";"River Campus Libraries"
"RBOffsite";"River Campus Libraries"
"RheesStage";"River Campus Libraries"
"KCOversize";"River Campus Libraries"
"RhsLvlALng";"River Campus Libraries"
"RhsLvlBLng";"River Campus Libraries"
"RheesRareR";"River Campus Libraries"
"RheesRareA";"River Campus Libraries"
"RheesRareB";"River Campus Libraries"
"RBDavis";"River Campus Libraries"
"RheesRareG";"River Campus Libraries"
"RBHimes";"River Campus Libraries"
"RBCage";"River Campus Libraries"
"RBSherlock";"River Campus Libraries"
"ArtMusicRR";"River Campus Libraries"
"ArtMuscRef";"River Campus Libraries"
"POA Over";"River Campus Libraries"
"CarlBrows";"River Campus Libraries"
"POA Stor";"River Campus Libraries"
"POA Ref";"River Campus Libraries"
"POA Res";"River Campus Libraries"
"POA Soft";"River Campus Libraries"
"POA Off";"River Campus Libraries"
"RheesJuvLt";"River Campus Libraries"
"RheesNews";"River Campus Libraries"
"RheesPer";"River Campus Libraries"
"RheesCage";"River Campus Libraries"
"RheesPrsrv";"River Campus Libraries"
"RheesRare";"River Campus Libraries"
"RheesRareC";"River Campus Libraries"
"RheesRareF";"River Campus Libraries"
"RheesRareS";"River Campus Libraries"
"RheesAtlas";"River Campus Libraries"
"RheesCD";"River Campus Libraries"
"RheesCompd";"River Campus Libraries"
"RheesIndex";"River Campus Libraries"
"RheesLckCs";"River Campus Libraries"
"RheesTrBib";"River Campus Libraries"
"RheesRef";"River Campus Libraries"
"RheesResrv";"River Campus Libraries"
"RheesStack";"River Campus Libraries"
"RheesOsize";"River Campus Libraries"
"WellesBrwn";"River Campus Libraries"
"RheesRarAF";"River Campus Libraries"
"RobbinsOff";"River Campus Libraries"
"RobOvrsize";"River Campus Libraries"
"RobbinsRef";"River Campus Libraries"
"CarlDiss";"River Campus Libraries"
"ArtCage";"River Campus Libraries"
"ArtCircDsk";"River Campus Libraries"
"ArtCirProc";"River Campus Libraries"
"ArtFolio";"River Campus Libraries"
"ArtPer";"River Campus Libraries"
"ArtMicro";"River Campus Libraries"
"ArtRefCD";"River Campus Libraries"
"ArtRes";"River Campus Libraries"
"ArtResDsk";"River Campus Libraries"
"ArtStack";"River Campus Libraries"
"ArtWrkRoom";"River Campus Libraries"
"CarlCDCase";"River Campus Libraries"
"CarlAtlas";"River Campus Libraries"
"CarlCirc";"River Campus Libraries"
"CarlCirPro";"River Campus Libraries"
"CarlStack";"River Campus Libraries"
"CarlCmpct";"River Campus Libraries"
"CarlTecRp";"River Campus Libraries"
"CarlPer";"River Campus Libraries"
"CarlMapCs";"River Campus Libraries"
"CarlOsize";"River Campus Libraries"
"CarlRef";"River Campus Libraries"
"CarlRdRef";"River Campus Libraries"
"CarlRes";"River Campus Libraries"
"CarlOff";"River Campus Libraries"
"Carl Text";"River Campus Libraries"
"CarlNewBk";"River Campus Libraries"
"E-Res";"River Campus Libraries"
"Heyen";"River Campus Libraries"
"HeyenFolio";"River Campus Libraries"
"KCEngl";"River Campus Libraries"
"KCRef";"River Campus Libraries"
"LLECirc";"River Campus Libraries"
"LLECirProc";"River Campus Libraries"
"LLE Stack";"River Campus Libraries"
"LLE Per";"River Campus Libraries"
"LLE Ref";"River Campus Libraries"
"LLE Off";"River Campus Libraries"
"LLE Soft";"River Campus Libraries"
"AtlasCase";"River Campus Libraries"
"MapCase";"River Campus Libraries"
"MMC Browse";"River Campus Libraries"
"MMCCirDsk";"River Campus Libraries"
"MMCCirProc";"River Campus Libraries"
"MMC Ser";"River Campus Libraries"
"MMC Ref";"River Campus Libraries"
"MMC Res";"River Campus Libraries"
"MMCResDsk";"River Campus Libraries"
"MMCStack";"River Campus Libraries"
"MMCStfOff";"River Campus Libraries"
"POA ChtCas";"River Campus Libraries"
"POA ChtRm";"River Campus Libraries"
"POACirc";"River Campus Libraries"
"POACirProc";"River Campus Libraries"
"POA Stack";"River Campus Libraries"
"POA HisOp";"River Campus Libraries"
"POA Index";"River Campus Libraries"
"POA Per";"River Campus Libraries"
"POAPer";"River Campus Libraries"
"POA CDCase";"River Campus Libraries"
"POA Over";"River Campus Science Libraries"
"CarlNewBk";"River Campus Science Libraries"
"POA Soft";"River Campus Science Libraries"
"POA Off";"River Campus Science Libraries"
"CarlCDCase";"River Campus Science Libraries"
"CarlAtlas";"River Campus Science Libraries"
"CarlCirc";"River Campus Science Libraries"
"CarlCirPro";"River Campus Science Libraries"
"CarlStack";"River Campus Science Libraries"
"CarlCmpct";"River Campus Science Libraries"
"CarlTecRp";"River Campus Science Libraries"
"CarlPer";"River Campus Science Libraries"
"CarlMapCs";"River Campus Science Libraries"
"CarlOsize";"River Campus Science Libraries"
"CarlRef";"River Campus Science Libraries"
"CarlRdRef";"River Campus Science Libraries"
"CarlRes";"River Campus Science Libraries"
"CarlOff";"River Campus Science Libraries"
"Carl Text";"River Campus Science Libraries"
"LLECirc";"River Campus Science Libraries"
"LLECirProc";"River Campus Science Libraries"
"LLE Stack";"River Campus Science Libraries"
"LLE Per";"River Campus Science Libraries"
"LLE Ref";"River Campus Science Libraries"
"LLE Off";"River Campus Science Libraries"
"LLE Soft";"River Campus Science Libraries"
"POA ChtCas";"River Campus Science Libraries"
"POA ChtRm";"River Campus Science Libraries"
"POACirc";"River Campus Science Libraries"
"POACirProc";"River Campus Science Libraries"
"POA Stack";"River Campus Science Libraries"
"POA HisOp";"River Campus Science Libraries"
"POA Index";"River Campus Science Libraries"
"POA Per";"River Campus Science Libraries"
"POAPer";"River Campus Science Libraries"
"POA CDCase";"River Campus Science Libraries"
"POA Stor";"River Campus Science Libraries"
"POA Ref";"River Campus Science Libraries"
"POA Res";"River Campus Science Libraries"
"CarlDiss";"River Campus Science Libraries"
"CarlBrows";"River Campus Science Libraries"
"KCRef";"Robbins Library/Koller-Collins Center"
"Robbins";"Robbins Library/Koller-Collins Center"
"RobbinsOff";"Robbins Library/Koller-Collins Center"
"RobOvrsize";"Robbins Library/Koller-Collins Center"
"RobbinsRef";"Robbins Library/Koller-Collins Center"
"KCOversize";"Robbins Library/Koller-Collins Center"
"KCEngl";"Robbins Library/Koller-Collins Center"
"ArtCage";"Rush Rhees Library"
"ArtCircDsk";"Rush Rhees Library"
"ArtCirProc";"Rush Rhees Library"
"ArtFolio";"Rush Rhees Library"
"ArtPer";"Rush Rhees Library"
"ArtMicro";"Rush Rhees Library"
"ArtRefCD";"Rush Rhees Library"
"ArtRes";"Rush Rhees Library"
"ArtResDsk";"Rush Rhees Library"
"ArtStack";"Rush Rhees Library"
"ArtWrkRoom";"Rush Rhees Library"
"Heyen";"Rush Rhees Library"
"HeyenFolio";"Rush Rhees Library"
"KCEngl";"Rush Rhees Library"
"KCRef";"Rush Rhees Library"
"AtlasCase";"Rush Rhees Library"
"MapCase";"Rush Rhees Library"
"MMC Browse";"Rush Rhees Library"
"MMCCirDsk";"Rush Rhees Library"
"MMCCirProc";"Rush Rhees Library"
"MMC Ser";"Rush Rhees Library"
"MMC Ref";"Rush Rhees Library"
"MMC Res";"Rush Rhees Library"
"MMCResDsk";"Rush Rhees Library"
"MMCStack";"Rush Rhees Library"
"MMCStfOff";"Rush Rhees Library"
"RheesNews";"Rush Rhees Library"
"RheesPer";"Rush Rhees Library"
"RheesRare";"Rush Rhees Library"
"RheesRareC";"Rush Rhees Library"
"RheesRareF";"Rush Rhees Library"
"RheesRareS";"Rush Rhees Library"
"RheesAtlas";"Rush Rhees Library"
"RheesCD";"Rush Rhees Library"
"RheesCompd";"Rush Rhees Library"
"RheesIndex";"Rush Rhees Library"
"RheesLckCs";"Rush Rhees Library"
"RheesTrBib";"Rush Rhees Library"
"RheesRefOf";"Rush Rhees Library"
"RheesRef";"Rush Rhees Library"
"RheesResrv";"Rush Rhees Library"
"RheesStack";"Rush Rhees Library"
"RheesOsize";"Rush Rhees Library"
"WellesBrwn";"Rush Rhees Library"
"RheesRarAF";"Rush Rhees Library"
"Robbins";"Rush Rhees Library"
"RobbinsOff";"Rush Rhees Library"
"RobOvrsize";"Rush Rhees Library"
"RobbinsRef";"Rush Rhees Library"
"BGIL";"Rush Rhees Library"
"BGILcd";"Rush Rhees Library"
"BGILfed";"Rush Rhees Library"
"BGILguide";"Rush Rhees Library"
"BGILnys";"Rush Rhees Library"
"BGILover";"Rush Rhees Library"
"NewsMicro";"Rush Rhees Library"
"NewsNewspr";"Rush Rhees Library"
"NewsSuDoc";"Rush Rhees Library"
"ArtMusicRR";"Rush Rhees Library"
"ArtMuscRef";"Rush Rhees Library"
"Borst";"Rush Rhees Library"
"RheesBrows";"Rush Rhees Library"
"RheesJuvLt";"Rush Rhees Library"
"RhsLvlALng";"Rush Rhees Library"
"RhsLvlBLng";"Rush Rhees Library"
"RarReview";"Rush Rhees Library"
"RheesRLHM";"Rush Rhees Library"
"ArtMuscOS";"Rush Rhees Library"
"ArtRef";"Rush Rhees Library"
"MMCG122s";"Rush Rhees Library"
"MMCG113";"Rush Rhees Library"
"MMCG122";"Rush Rhees Library"
"MMCG122B";"Rush Rhees Library"
"MMCG122C";"Rush Rhees Library"
"MMCG122E";"Rush Rhees Library"
"MMCG122F";"Rush Rhees Library"
"MMCSpecial";"Rush Rhees Library"
"MMCSplOver";"Rush Rhees Library"
"MMCStkOver";"Rush Rhees Library"
"RheesRareB";"Rush Rhees Library"
"RBDavis";"Rush Rhees Library"
"RheesRareG";"Rush Rhees Library"
"RBManuscrp";"Rush Rhees Library"
"RheesMap";"Rush Rhees Library"
"Div Stack";"Rush Rhees Library"
"DivPer";"Rush Rhees Library"
"KCOversize";"Rush Rhees Library"
"RheesRareR";"Rush Rhees Library"
"RheesRareA";"Rush Rhees Library"
"RBHimes";"Rush Rhees Library"
"DivMfche";"Rush Rhees Library"
"DivMflm";"Rush Rhees Library"
"RheesRareB";"Rush Rhees Rare Books and Special Collections"
"RBDavis";"Rush Rhees Rare Books and Special Collections"
"RheesRareG";"Rush Rhees Rare Books and Special Collections"
"RBHimes";"Rush Rhees Rare Books and Special Collections"
"RBOffsite";"Rush Rhees Rare Books and Special Collections"
"RheesRareR";"Rush Rhees Rare Books and Special Collections"
"RBCage";"Rush Rhees Rare Books and Special Collections"
"RBSherlock";"Rush Rhees Rare Books and Special Collections"
"HeyenFolio";"Rush Rhees Rare Books and Special Collections"
"Heyen";"Rush Rhees Rare Books and Special Collections"
"Borst";"Rush Rhees Rare Books and Special Collections"
"RheesRareA";"Rush Rhees Rare Books and Special Collections"
"RheesRLHM";"Rush Rhees Rare Books and Special Collections"
"RBManuscrp";"Rush Rhees Rare Books and Special Collections"
"RheesRare";"Rush Rhees Rare Books and Special Collections"
"RheesRareC";"Rush Rhees Rare Books and Special Collections"
"RheesRareF";"Rush Rhees Rare Books and Special Collections"
"RheesRareS";"Rush Rhees Rare Books and Special Collections"
"RheesMap";"Rush Rhees Reference"
"RheesAtlas";"Rush Rhees Reference"
"RheesCD";"Rush Rhees Reference"
"RheesCompd";"Rush Rhees Reference"
"RheesIndex";"Rush Rhees Reference"
"RheesLckCs";"Rush Rhees Reference"
"RheesTrBib";"Rush Rhees Reference"
"RheesRefOf";"Rush Rhees Reference"
"RheesRef";"Rush Rhees Reference"
"ESMRecArts";"Sibley Music Eastman Audio Archive"
"SibUnclFol";"Sibley Music Library"
"SibStorage";"Sibley Music Library"
"SibStorFol";"Sibley Music Library"
"SibUnclSto";"Sibley Music Library"
"ESMRecArts";"Sibley Music Library"
"SibNet";"Sibley Music Library"
"SibMicMast";"Sibley Music Library"
"SibMicAcq";"Sibley Music Library"
"SibMusEdNC";"Sibley Music Library"
"SibMusEdC";"Sibley Music Library"
"SibAcq";"Sibley Music Library"
"SibBarcode";"Sibley Music Library"
"SibBindery";"Sibley Music Library"
"SibNewMat";"Sibley Music Library"
"SibBindSp";"Sibley Music Library"
"SibBJrnl";"Sibley Music Library"
"SibBrittle";"Sibley Music Library"
"SibCat";"Sibley Music Library"
"SibCatFol";"Sibley Music Library"
"SibReview";"Sibley Music Library"
"SibOctavo";"Sibley Music Library"
"SibCircDsk";"Sibley Music Library"
"SibFolio";"Sibley Music Library"
"SibMinScor";"Sibley Music Library"
"SibCollWks";"Sibley Music Library"
"SibConserv";"Sibley Music Library"
"SibCurPer";"Sibley Music Library"
"SibDiscard";"Sibley Music Library"
"SibErasing";"Sibley Music Library"
"SibESMArch";"Sibley Music Library"
"SibHeckman";"Sibley Music Library"
"SibILL";"Sibley Music Library"
"SibLocCode";"Sibley Music Library"
"SibMicro";"Sibley Music Library"
"SibRefMisc";"Sibley Music Library"
"SibNewBook";"Sibley Music Library"
"SibQckRef";"Sibley Music Library"
"SibRare";"Sibley Music Library"
"SibRareRef";"Sibley Music Library"
"SibRareFol";"Sibley Music Library"
"SibRecrd";"Sibley Music Library"
"SibRef";"Sibley Music Library"
"SibReform";"Sibley Music Library"
"SibReplace";"Sibley Music Library"
"SibReserve";"Sibley Music Library"
"SibResDesk";"Sibley Music Library"
"SibRstrctd";"Sibley Music Library"
"SibFolioRC";"Sibley Music Library"
"SibMinScRC";"Sibley Music Library"
"SibScoThes";"Sibley Music Library"
"SibSer";"Sibley Music Library"
"SibStack";"Sibley Music Library"
"SibStaffRm";"Sibley Music Library"
"SibRareRef";"Sibley Music Rare Books"
"SibRare";"Sibley Music Rare Books"
"SibRareFol";"Sibley Music Rare Books"
"DivReform";"Swasey Library CRCDS"
"DivStorag";"Swasey Library CRCDS"
"DivRepair";"Swasey Library CRCDS"
"DivRes";"Swasey Library CRCDS"
"DivSer";"Swasey Library CRCDS"
"DivSlid";"Swasey Library CRCDS"
"DivTSOff";"Swasey Library CRCDS"
"DivVHS";"Swasey Library CRCDS"
"DivTape";"Swasey Library CRCDS"
"DivAcq";"Swasey Library CRCDS"
"DivArchiv";"Swasey Library CRCDS"
"DivAudioCD";"Swasey Library CRCDS"
"DivBind";"Swasey Library CRCDS"
"DivCat";"Swasey Library CRCDS"
"Div Circ";"Swasey Library CRCDS"
"DivCircOff";"Swasey Library CRCDS"
"DivSpColl";"Swasey Library CRCDS"
"DivSpColF";"Swasey Library CRCDS"
"DivRareOf";"Swasey Library CRCDS"
"DivSBIRare";"Swasey Library CRCDS"
"DivSBIRfol";"Swasey Library CRCDS"
"DivSpCoXF";"Swasey Library CRCDS"
"DivColl";"Swasey Library CRCDS"
"DivComp";"Swasey Library CRCDS"
"DivPerCur";"Swasey Library CRCDS"
"DivDirOff";"Swasey Library CRCDS"
"DivGame";"Swasey Library CRCDS"
"DivKit";"Swasey Library CRCDS"
"DivFlmSt";"Swasey Library CRCDS"
"DivThesis";"Swasey Library CRCDS"
"DivIncSer";"Swasey Library CRCDS"
"DivINet";"Swasey Library CRCDS"
"DivLP";"Swasey Library CRCDS"
"DivMap";"Swasey Library CRCDS"
"DivMedia";"Swasey Library CRCDS"
"DivReadRm";"Swasey Library CRCDS"
"DivRefOff";"Swasey Library CRCDS"
"RBOffsite";"UR Library Annex"
"RemTemB";"UR Library Annex"
"Offsite3";"UR Library Annex"
"OffsiteFol";"UR Library Annex"
"OffsiteSS";"UR Library Annex"
"Offsite1";"UR Library Annex"
"OffsiteFo2";"UR Library Annex"
"OffsiteGov";"UR Library Annex"
"MAGOffsite";"UR Library Annex"
"OffsiteSta";"UR Library Annex"
"Div Folio";"UR Library Annex"
"DivXFolio";"UR Library Annex"
"Remote";"UR Library Annex"
"RemTem400m";"UR Library Annex"
"RemTem500m";"UR Library Annex"
"RemTemA";"UR Library Annex"
"Offsite2";"UR Library Annex"
"Div Cass";"UR Library Annex"
"OffsideGv2";"UR Library Annex"
"RBOffDiss2";"UR Library Annex"
"CancerCtr";"Wilmot Cancer Center Patient Resource Library"
"StBResDesk";"St. Bernard's Institute"
