user,title,occupation,type,company_name,location,company_link,period,notes
applicant,Little Applicant,IT / Software Development,Full time,Small Company,Lowlands,http://example.com,2013-01,"Cum sociis natoque penatibus et magnis dis parturient montes, nascetur ridiculus mus. Aenean eget magna. Suspendisse tristique neque venenatis"
applicant,Pro Applicant,Medical / Health,Full time,Big Company,Highlands,http://example.com,2010-01,"elit. Etiam laoreet, libero et tristique pellentesque, tellus sem mollis dui, in sodales elit erat vitae risus. Duis a mi fringilla mi lacinia mattis. Integer eu lacus. Quisque imperdiet, erat nonummy ultricies ornare, elit"
angel,Guardian Angel,Food Services / Hospitality,Freelancer / self-employed,Heaven Inc.,Cloud 9,http://example.com,2009-01,turpis nec mauris blandit mattis. Cras eget nisi dictum augue malesuada malesuada. Integer id magna et ipsum cursus vestibulum. Mauris magna. Duis dignissim tempor arcu. Vestibulum ut eros non enim commodo hendrerit. Donec porttitor tellus non magna. Nam
builder,Site builder,IT / Software Development,Full time,Drupal.org,Serverland,http://example.com,2003-01 to 2012-12,"Lorem ipsum dolor sit amet, consectetuer adipiscing elit. Curabitur sed tortor. Integer aliquam adipiscing lacus."
bulb,Enlightener,Work at Home,Freelancer / self-employed,Dark sciences Inc.,Greylands,http://example.com,1989-01,turpis nec mauris blandit mattis. Cras eget nisi dictum augue malesuada malesuada. Integer id magna et ipsum cursus vestibulum. Mauris magna. Duis dignissim tempor arcu. Vestibulum ut eros non enim commodo hendrerit. Donec porttitor tellus non magna. Nam
cap,Head of Cap development,Biotech / R&D / Science,Full time,Cape of Caps,Cape Town,http://example.com,2011-01 to 2012-09,"mauris. Integer sem elit, pharetra ut, pharetra sed, hendrerit a, arcu. Sed et libero. Proin mi. Aliquam gravida mauris ut mi. Duis risus odio, auctor vitae, aliquet nec, imperdiet nec, leo. Morbi"
engineer,Engine Tester,Building Construction / Skilled Trades,Internship / trainee,Swift Motors Limited,Motorland,http://example.com,2012-01 to 2013-01,"Vestibulum accumsan neque et nunc. Quisque ornare tortor at risus. Nunc ac sem ut dolor dapibus gravida. Aliquam tincidunt, nunc ac mattis ornare, lectus ante dictum mi, ac mattis velit justo nec ante. Maecenas mi felis, adipiscing fringilla,"
india,Indiana Jane,Sales / Retail / Business Development,Freelancer / self-employed,Djungle Book,Rain forest,http://example.com,2003-01,"vitae semper egestas, urna justo faucibus lectus, a sollicitudin orci sem eget massa. Suspendisse eleifend. Cras sed leo. Cras vehicula aliquet libero. Integer in magna. Phasellus dolor elit, pellentesque a, facilisis non, bibendum sed,"
patch,Happy Patcher,Education / Training,Full time,Issue queue,Contrib space,http://example.com,2012-01 to 2013-01,"malesuada ut, sem. Nulla interdum. Curabitur dictum. Phasellus in felis. Nulla tempor augue ac ipsum. Phasellus vitae mauris sit amet lorem semper auctor. Mauris vel turpis. Aliquam adipiscing lobortis risus. In mi pede, nonummy ut, molestie in, tempus eu, ligula."
peru,Mountain Lion,Building Construction / Skilled Trades,Internship / trainee,Mc. Book,Macland,http://example.com,2012-01 to 2013-01,"vitae semper egestas, urna justo faucibus lectus, a sollicitudin orci sem eget massa. Suspendisse eleifend. Cras sed leo. Cras vehicula aliquet libero. Integer in magna. Phasellus dolor elit, pellentesque a, facilisis non, bibendum sed,"
tiger,Tiger Woods,Biotech / R&D / Science,Internship / trainee,Greens,Golf of tigers,http://example.com,2013-01,"Vestibulum accumsan neque et nunc. Quisque ornare tortor at risus. Nunc ac sem ut dolor dapibus gravida. Aliquam tincidunt, nunc ac mattis ornare, lectus ante dictum mi, ac mattis velit justo nec ante. Maecenas mi felis, adipiscing fringilla,"
